BKA, 11340,Toán:,6.25,Ngữ văn:,5.00,Ngoại ngữ:,4.88,Vật lý:,5.40,Hóa học:,4.60
BKA, 11341,Toán:,2.75,Ngữ văn:,7.00,Ngoại ngữ:,3.05,Địa lý:,4.00
BKA, 7124,Toán:,5.75,Ngữ văn:,3.50,Ngoại ngữ:,2.88,Vật lý:,6.40,Hóa học:,4.80
BKA, 1693,Toán:,5.75,Ngữ văn:,6.75,Ngoại ngữ:,3.45,Vật lý:,5.60
BKA, 12491,Toán:,5.25,Ngữ văn:,6.25,Ngoại ngữ:,2.68,Địa lý:,4.50
BKA, 740,Toán:,8.25,Ngữ văn:,7.75,Ngoại ngữ:,7.55,Lịch sử:,7.00,Địa lý:,8.50
BKA, 5806,Toán:,7.25,Ngữ văn:,5.25,Ngoại ngữ:,2.23,Vật lý:,6.60,Hóa học:,6.80
BKA, 1207,Toán:,6.50,Ngữ văn:,5.00,Ngoại ngữ:,3.05,Vật lý:,6.80,Hóa học:,6.40
BKA, 1208,Toán:,4.75,Ngữ văn:,4.50,Ngoại ngữ:,2.25,Địa lý:,4.00
BKA, 11709,Toán:,6.00,Ngữ văn:,4.00,Ngoại ngữ:,4.33,Vật lý:,6.60
BKA, 3528,Toán:,6.50,Ngữ văn:,5.00,Ngoại ngữ:,4.00,Hóa học:,4.40,Sinh học:,5.60
BKA, 3529,Toán:,4.00,Ngữ văn:,3.75,Ngoại ngữ:,2.10,Địa lý:,3.50
BKA, 9937,Toán:,5.00,Ngữ văn:,7.50,Ngoại ngữ:,3.23,Địa lý:,4.50
BKA, 10581,Toán:,5.50,Ngữ văn:,3.00,Ngoại ngữ:,2.88,Vật lý:,5.80,Hóa học:,6.40
BKA, 7751,Toán:,6.00,Ngữ văn:,5.50,Ngoại ngữ:,3.50
BKA, 3871,Toán:,4.00,Ngữ văn:,4.50,Ngoại ngữ:,1.13,Địa lý:,4.50
BKA, 4779,Toán:,4.00,Ngữ văn:,4.75,Ngoại ngữ:,5.80,Địa lý:,3.50
BKA, 11131,Toán:,4.75,Ngữ văn:,6.00,Ngoại ngữ:,4.33,Địa lý:,5.00
BKA, 1697,Toán:,5.25,Ngữ văn:,2.50,Ngoại ngữ:,2.83,Vật lý:,4.40,Địa lý:,4.00
BKA, 157,Toán:,4.25,Ngữ văn:,6.50,Ngoại ngữ:,1.63,Vật lý:,3.40,Hóa học:,5.20
BKA, 10831,Toán:,5.25,Ngữ văn:,7.50,Ngoại ngữ:,6.53,Địa lý:,4.00
BKA, 7185,Toán:,6.50,Ngữ văn:,6.75,Ngoại ngữ:,7.55,Vật lý:,7.00
BKA, 9234,Toán:,5.00,Ngữ văn:,5.75,Ngoại ngữ:,1.75,Địa lý:,5.50
BKA, 9915,Toán:,7.00,Ngữ văn:,7.50,Ngoại ngữ:,4.25,Vật lý:,5.40
BKA, 8414,Toán:,4.50,Ngữ văn:,7.25,Ngoại ngữ:,2.00,Vật lý:,3.40,Hóa học:,7.00,Sinh học:,5.00
BKA, 579,Toán:,7.25,Ngữ văn:,2.75,Ngoại ngữ:,3.13,Vật lý:,6.00,Hóa học:,5.00,Sinh học:,3.60
BKA, 580,Toán:,5.50,Ngữ văn:,7.00,Ngoại ngữ:,8.00,Địa lý:,6.00
BKA, 581,Toán:,7.25,Ngữ văn:,6.00,Ngoại ngữ:,4.55,Vật lý:,5.40
BKA, 10296,Toán:,4.75,Ngữ văn:,6.50,Ngoại ngữ:,2.70,Địa lý:,5.50
BKA, 5921,Toán:,7.25,Ngữ văn:,5.00,Ngoại ngữ:,8.10,Vật lý:,7.20
BKA, 10295,Toán:,5.00,Ngữ văn:,4.25,Ngoại ngữ:,2.50,Vật lý:,5.20
BKA, 2770,Toán:,6.25,Ngữ văn:,2.25,Ngoại ngữ:,2.38,Vật lý:,6.80,Hóa học:,5.80
BKA, 8720,Toán:,5.00,Ngữ văn:,6.50,Ngoại ngữ:,5.43,Địa lý:,5.00
BKA, 8721,Toán:,5.50,Ngữ văn:,4.50,Ngoại ngữ:,4.73,Địa lý:,4.50
BKA, 8722,Toán:,5.75,Ngữ văn:,5.50,Ngoại ngữ:,2.63,Vật lý:,4.40,Địa lý:,5.00
BKA, 8723,Toán:,4.50,Ngữ văn:,5.00,Ngoại ngữ:,4.90,Địa lý:,5.50
BKA, 7261,Toán:,5.50,Ngữ văn:,4.50,Ngoại ngữ:,2.60,Địa lý:,5.50
BKA, 12355,Toán:,5.75,Ngữ văn:,4.25,Ngoại ngữ:,4.43,Vật lý:,6.60
BKA, 7264,Toán:,4.75,Ngữ văn:,3.50,Ngoại ngữ:,2.75
BKA, 11014,Toán:,5.75,Ngữ văn:,7.25,Ngoại ngữ:,5.55,Hóa học:,4.60
BKA, 6290,Toán:,6.25,Ngữ văn:,8.25,Ngoại ngữ:,6.93,Vật lý:,4.20
BKA, 4447,Toán:,5.25,Ngữ văn:,3.00,Ngoại ngữ:,2.85,Hóa học:,5.20,Sinh học:,4.60
BKA, 8521,Toán:,5.50,Ngữ văn:,4.25,Ngoại ngữ:,4.83,Địa lý:,2.50
BKA, 10345,Toán:,4.50,Ngữ văn:,4.50,Ngoại ngữ:,6.08,Địa lý:,3.50
BKA, 6347,Toán:,6.00,Ngữ văn:,5.00,Ngoại ngữ:,3.98,Vật lý:,4.00,Hóa học:,4.40,Địa lý:,3.50,Sinh học:,6.80
BKA, 6766,Toán:,4.25,Ngữ văn:,5.00,Ngoại ngữ:,2.13,Vật lý:,4.40,Hóa học:,5.40,Sinh học:,5.40
BKA, 7269,Toán:,8.50,Ngữ văn:,6.25,Ngoại ngữ:,5.70,Vật lý:,7.60,Hóa học:,6.40
BKA, 10897,Toán:,6.50,Ngữ văn:,3.75,Ngoại ngữ:,7.95,Vật lý:,5.80
BKA, 3481,Toán:,5.50,Ngữ văn:,3.50,Ngoại ngữ:,2.63,Vật lý:,5.60,Hóa học:,5.40
BKA, 9008,Toán:,7.75,Ngữ văn:,5.00,Ngoại ngữ:,4.25,Vật lý:,7.20,Hóa học:,7.20
BKA, 9833,Toán:,5.75,Ngữ văn:,4.50,Ngoại ngữ:,2.88,Địa lý:,3.50
BKA, 4600,Toán:,6.50,Ngữ văn:,3.00,Ngoại ngữ:,2.70,Vật lý:,6.60,Hóa học:,5.60
BKA, 9687,Toán:,7.75,Ngữ văn:,4.50,Ngoại ngữ:,2.23,Vật lý:,8.40,Hóa học:,6.60
BKA, 6943,Toán:,5.25,Ngữ văn:,6.50,Ngoại ngữ:,4.25,Vật lý:,5.60,Hóa học:,5.60
BKA, 6944,Toán:,6.75,Ngữ văn:,6.75,Ngoại ngữ:,6.15,Địa lý:,4.50
BKA, 6945,Toán:,6.25,Ngữ văn:,2.00,Ngoại ngữ:,2.75,Hóa học:,5.80,Sinh học:,5.80
BKA, 700,Toán:,5.75,Ngữ văn:,5.25,Ngoại ngữ:,4.00,Vật lý:,5.60
BKA, 701,Toán:,7.75,Ngữ văn:,4.50,Ngoại ngữ:,2.38,Vật lý:,8.40,Hóa học:,8.60
BKA, 702,Toán:,8.00,Ngữ văn:,5.00,Ngoại ngữ:,6.18,Vật lý:,8.00,Hóa học:,7.20
BKA, 703,Toán:,6.00,Ngữ văn:,4.00,Ngoại ngữ:,2.38,Vật lý:,6.20,Hóa học:,5.40
BKA, 3615,Toán:,5.75,Ngữ văn:,5.00,Ngoại ngữ:,3.13,Địa lý:,4.00
BKA, 7813,Toán:,4.75,Ngữ văn:,5.25,Ngoại ngữ:,2.13,Vật lý:,5.80
BKA, 5240,Toán:,7.25,Ngữ văn:,5.75,Ngoại ngữ:,3.40,Vật lý:,7.80,Hóa học:,6.40
BKA, 7287,Toán:,6.75,Ngữ văn:,6.25,Ngoại ngữ:,7.68,Địa lý:,4.50
BKA, 6433,Toán:,4.50,Ngữ văn:,3.50,Ngoại ngữ:,2.25,Hóa học:,3.80,Sinh học:,3.20
BKA, 7809,Toán:,6.00,Ngữ văn:,8.00,Ngoại ngữ:,5.95,Địa lý:,4.50
BKA, 1804,Toán:,5.25,Ngữ văn:,8.00,Ngoại ngữ:,3.78,Địa lý:,4.00
BKA, 1805,Toán:,4.25,Ngữ văn:,6.50,Ngoại ngữ:,4.25,Địa lý:,5.00
BKA, 2327,Toán:,2.25,Ngữ văn:,5.50,Ngoại ngữ:,2.55,Địa lý:,6.00
BKA, 2328,Toán:,6.25,Ngữ văn:,5.50,Ngoại ngữ:,4.55,Vật lý:,5.20
BKA, 4476,Toán:,6.00,Ngữ văn:,5.50,Ngoại ngữ:,3.75,Vật lý:,4.80
BKA, 4477,Toán:,0.25,Ngữ văn:,3.75,Ngoại ngữ:,2.10,Địa lý:,2.00
BKA, 9836,Toán:,6.00,Ngữ văn:,4.50,Ngoại ngữ:,3.10,Vật lý:,6.40,Hóa học:,4.60,Địa lý:,5.50
BKA, 1456,Toán:,3.75,Ngữ văn:,5.50,Ngoại ngữ:,3.10,Địa lý:,5.50
BKA, 1647,Toán:,5.50,Ngữ văn:,5.50,Ngoại ngữ:,2.38,Vật lý:,5.20,Hóa học:,5.40,Sinh học:,2.20
BKA, 1648,Toán:,7.50,Ngữ văn:,5.50,Ngoại ngữ:,3.48,Vật lý:,7.60,Hóa học:,6.00
BKA, 1637,Toán:,3.00,Ngữ văn:,7.00,Ngoại ngữ:,2.50,Lịch sử:,4.00,Địa lý:,7.00
BKA, 2234,Toán:,4.50,Ngữ văn:,6.25,Ngoại ngữ:,1.88,Vật lý:,4.80,Hóa học:,4.60,Địa lý:,3.50
BKA, 7302,Toán:,2.00,Vật lý:,4.60,Hóa học:,4.00
BKA, 7303,Toán:,7.25,Ngữ văn:,4.00,Ngoại ngữ:,4.48,Vật lý:,5.80
BKA, 9119,Toán:,2.00,Ngữ văn:,4.50,Ngoại ngữ:,3.75,Địa lý:,5.00
BKA, 9377,Toán:,7.00,Ngữ văn:,3.25,Ngoại ngữ:,2.88,Vật lý:,8.80,Hóa học:,7.40
BKA, 10087,Toán:,4.25,Ngữ văn:,5.00,Ngoại ngữ:,3.80,Địa lý:,5.50
BKA, 10088,Toán:,6.50,Ngữ văn:,6.50,Ngoại ngữ:,4.95,Địa lý:,8.00
BKA, 10905,Toán:,4.75,Ngữ văn:,2.50,Ngoại ngữ:,2.00,Vật lý:,3.60,Hóa học:,4.60
BKA, 10988,Toán:,6.00,Ngữ văn:,3.50,Ngoại ngữ:,2.38,Vật lý:,6.20,Hóa học:,5.60
BKA, 11058,Toán:,4.25,Vật lý:,2.80
BKA, 11922,Toán:,2.25,Ngữ văn:,5.50,Ngoại ngữ:,3.13,Địa lý:,4.00
BKA, 12060,Toán:,4.00,Vật lý:,5.20,Hóa học:,4.60
BKA, 12061,Toán:,2.25,Ngữ văn:,3.50,Ngoại ngữ:,2.00,Địa lý:,5.00
BKA, 12062,Toán:,4.50,Ngữ văn:,5.50,Ngoại ngữ:,5.65,Lịch sử:,4.50,Địa lý:,4.50
BKA, 2653,Toán:,2.50,Ngữ văn:,6.00,Ngoại ngữ:,3.00,Địa lý:,6.00
BKA, 2608,Toán:,7.50,Ngữ văn:,5.50,Ngoại ngữ:,2.85,Vật lý:,7.20,Hóa học:,5.80
BKA, 2311,Toán:,9.00,Ngữ văn:,1.75,Ngoại ngữ:,8.05,Vật lý:,9.00
BKA, 12137,Toán:,6.50,Ngữ văn:,5.00,Ngoại ngữ:,2.13,Hóa học:,4.80,Sinh học:,5.20
BKA, 12138,Toán:,3.50,Ngữ văn:,5.25,Ngoại ngữ:,2.25,Địa lý:,4.50,Sinh học:,3.00
BKA, 12139,Toán:,6.75,Ngữ văn:,6.00,Ngoại ngữ:,2.75,Vật lý:,3.00
BKA, 12306,Toán:,6.00,Ngữ văn:,3.50,Ngoại ngữ:,1.73,Địa lý:,4.00
BKA, 12307,Toán:,6.25,Ngữ văn:,5.00,Ngoại ngữ:,2.70,Địa lý:,7.00
BKA, 12617,Toán:,8.50,Ngữ văn:,5.75,Ngoại ngữ:,3.13,Vật lý:,8.20,Hóa học:,8.40
BKA, 12618,Toán:,6.00,Ngữ văn:,6.50,Ngoại ngữ:,4.08
BKA, 12623,Toán:,8.25,Vật lý:,8.20,Hóa học:,9.00
BKA, 1080,Toán:,4.50,Ngữ văn:,6.00,Ngoại ngữ:,2.85,Vật lý:,3.80
BKA, 9663,Toán:,5.25,Vật lý:,6.20,Hóa học:,6.00
BKA, 1081,Toán:,5.50,Ngữ văn:,7.00,Ngoại ngữ:,2.88,Địa lý:,3.50
BKA, 1082,Toán:,5.00,Ngữ văn:,6.50,Ngoại ngữ:,2.63,Địa lý:,5.00
BKA, 1084,Toán:,4.75,Ngữ văn:,7.75,Ngoại ngữ:,2.88,Địa lý:,3.50
BKA, 4279,Toán:,4.00,Ngữ văn:,5.00,Ngoại ngữ:,3.05,Vật lý:,4.20,Hóa học:,4.60
BKA, 6000,Toán:,5.25,Ngữ văn:,5.00,Ngoại ngữ:,1.95,Hóa học:,4.80,Địa lý:,3.50,Sinh học:,3.40
BKA, 6581,Toán:,6.00,Ngữ văn:,7.25,Ngoại ngữ:,2.00,Lịch sử:,9.50,Địa lý:,8.50
BKA, 6582,Toán:,6.50,Ngữ văn:,6.00,Ngoại ngữ:,2.13,Lịch sử:,5.00,Địa lý:,5.00
BKA, 5944,Toán:,4.75,Ngữ văn:,2.00,Ngoại ngữ:,2.13,Vật lý:,5.20,Hóa học:,4.40
BKA, 4280,Toán:,3.00,Ngữ văn:,5.50,Ngoại ngữ:,3.43,Lịch sử:,5.50,Địa lý:,4.00
BKA, 4327,Toán:,3.50,Ngữ văn:,4.00,Ngoại ngữ:,2.88,Địa lý:,3.50
BKA, 11045,Toán:,4.75,Ngữ văn:,6.00,Ngoại ngữ:,3.10,Vật lý:,3.20,Địa lý:,6.50
BKA, 6584,Toán:,7.00,Ngữ văn:,7.00,Ngoại ngữ:,5.20,Sinh học:,5.40
BKA, 8291,Toán:,4.25,Ngữ văn:,5.25,Ngoại ngữ:,2.25,Địa lý:,6.00
BKA, 10828,Toán:,9.00,Ngữ văn:,4.25,Ngoại ngữ:,7.60,Vật lý:,8.60
BKA, 11659,Toán:,4.75,Ngữ văn:,5.00,Ngoại ngữ:,2.23,Vật lý:,6.00,Hóa học:,5.80
BKA, 325,Toán:,5.00,Ngữ văn:,7.00,Ngoại ngữ:,3.98,Địa lý:,4.50
BKA, 8684,Toán:,6.50,Ngữ văn:,6.50,Ngoại ngữ:,6.95,Địa lý:,5.50
BKA, 1937,Toán:,5.50,Ngữ văn:,6.25,Ngoại ngữ:,2.50,Địa lý:,5.00
BKA, 11534,Toán:,6.75,Ngữ văn:,6.25,Ngoại ngữ:,4.50,Địa lý:,5.00
BKA, 1397,Toán:,4.00,Ngữ văn:,6.25,Ngoại ngữ:,2.23,Địa lý:,4.00
BKA, 11146,Toán:,7.75,Ngữ văn:,5.50,Ngoại ngữ:,4.88,Vật lý:,8.20
BKA, 281,Toán:,7.00,Ngữ văn:,3.00,Ngoại ngữ:,6.30,Vật lý:,7.60
BKA, 8670,Toán:,5.75,Ngữ văn:,8.00,Ngoại ngữ:,6.43,Địa lý:,5.50
BKA, 3535,Toán:,7.00,Ngữ văn:,6.25,Ngoại ngữ:,5.78,Hóa học:,6.60,Sinh học:,6.80
BKA, 3536,Toán:,1.00,Ngữ văn:,3.50,Ngoại ngữ:,2.38,Lịch sử:,4.00,Địa lý:,6.00
BKA, 5339,Toán:,6.00,Ngữ văn:,7.25,Ngoại ngữ:,6.48,Địa lý:,6.00
BKA, 5320,Toán:,5.75,Ngữ văn:,7.75,Ngoại ngữ:,5.95,Địa lý:,5.00
BKA, 5576,Toán:,7.50,Ngữ văn:,5.50,Ngoại ngữ:,6.90,Vật lý:,7.80,Hóa học:,6.80
BKA, 344,Ngữ văn:,1.25,Lịch sử:,2.00,Địa lý:,2.50
BKA, 12392,Toán:,6.00,Ngữ văn:,4.75,Ngoại ngữ:,6.88,Địa lý:,4.00
BKA, 5034,Toán:,5.50,Ngữ văn:,8.00,Ngoại ngữ:,2.73,Lịch sử:,5.75,Địa lý:,7.00
BKA, 5035,Toán:,5.50,Ngữ văn:,1.75,Ngoại ngữ:,2.58,Vật lý:,6.80,Hóa học:,5.20
BKA, 5036,Toán:,2.00,Ngữ văn:,6.50,Ngoại ngữ:,2.63,Vật lý:,3.40,Hóa học:,5.60
BKA, 5037,Toán:,6.75,Ngữ văn:,7.50,Ngoại ngữ:,7.18,Vật lý:,5.00
BKA, 5542,Toán:,7.00,Ngữ văn:,5.50,Ngoại ngữ:,3.45,Vật lý:,8.00,Hóa học:,5.80
BKA, 5630,Toán:,6.50,Ngữ văn:,6.50,Ngoại ngữ:,2.75,Vật lý:,6.40,Hóa học:,5.40
BKA, 5603,Ngữ văn:,6.25,Lịch sử:,6.75,Địa lý:,6.50
BKA, 9005,Toán:,8.50,Ngữ văn:,5.50,Ngoại ngữ:,5.05,Vật lý:,7.40
BKA, 9006,Toán:,7.25,Ngữ văn:,6.50,Ngoại ngữ:,6.80,Vật lý:,6.80
BKA, 9007,Toán:,0.25,Ngữ văn:,2.00,Ngoại ngữ:,2.25,Địa lý:,1.50
BKA, 9210,Ngữ văn:,7.25,Lịch sử:,6.00,Địa lý:,7.50
BKA, 10333,Toán:,2.75,Ngữ văn:,4.00,Ngoại ngữ:,2.00,Địa lý:,5.50
BKA, 9832,Toán:,5.25,Ngữ văn:,5.50,Ngoại ngữ:,3.58,Vật lý:,5.20
BKA, 10237,Toán:,7.50,Ngữ văn:,7.00,Ngoại ngữ:,6.90,Vật lý:,7.80,Hóa học:,7.20
BKA, 11255,Toán:,2.50,Ngữ văn:,7.25,Ngoại ngữ:,6.83
BKA, 11256,Toán:,7.25,Ngữ văn:,3.75,Ngoại ngữ:,2.25,Hóa học:,4.80,Sinh học:,5.60
BKA, 11257,Toán:,6.25,Ngữ văn:,6.25,Ngoại ngữ:,6.33
BKA, 11258,Toán:,6.00,Ngữ văn:,5.25,Ngoại ngữ:,2.88,Vật lý:,5.00
BKA, 5672,Toán:,4.75,Ngữ văn:,5.00,Ngoại ngữ:,2.35,Hóa học:,4.60,Sinh học:,5.40
BKA, 10468,Toán:,4.50,Ngữ văn:,6.75,Ngoại ngữ:,2.38,Địa lý:,3.50
BKA, 8127,Toán:,6.50,Ngữ văn:,6.00,Ngoại ngữ:,2.73,Vật lý:,5.60,Hóa học:,4.80
BKA, 8128,Toán:,5.50,Ngữ văn:,5.25,Ngoại ngữ:,2.75,Địa lý:,5.00
BKA, 8407,Toán:,4.00,Ngữ văn:,6.25,Ngoại ngữ:,1.98,Địa lý:,5.50
BKA, 8408,Toán:,9.25,Ngữ văn:,4.75,Ngoại ngữ:,2.75,Vật lý:,9.40,Hóa học:,9.20
BKA, 8409,Toán:,6.25,Ngữ văn:,4.00,Ngoại ngữ:,2.13,Vật lý:,7.00,Hóa học:,5.60
BKA, 8775,Toán:,3.50,Ngữ văn:,6.50,Ngoại ngữ:,2.00,Lịch sử:,6.00,Địa lý:,6.00
BKA, 8776,Toán:,7.25,Ngữ văn:,8.50,Ngoại ngữ:,4.40,Vật lý:,5.60,Hóa học:,4.80
BKA, 8777,Toán:,5.50,Ngữ văn:,7.25,Ngoại ngữ:,3.43,Địa lý:,5.00
BKA, 8778,Toán:,6.50,Ngữ văn:,1.50,Ngoại ngữ:,2.63,Vật lý:,7.40,Hóa học:,7.60,Sinh học:,5.00
BKA, 8779,Toán:,9.00,Vật lý:,10.00,Hóa học:,8.80
BKA, 8780,Toán:,7.25,Ngữ văn:,6.75,Ngoại ngữ:,5.40,Địa lý:,4.50
BKA, 8781,Toán:,4.75,Ngữ văn:,7.00,Ngoại ngữ:,4.85,Địa lý:,3.00
BKA, 8782,Toán:,3.50,Ngữ văn:,4.00,Ngoại ngữ:,1.88,Vật lý:,7.40,Hóa học:,3.80,Sinh học:,5.20
BKA, 8783,Toán:,6.25,Ngữ văn:,7.00,Ngoại ngữ:,2.80,Vật lý:,7.60,Hóa học:,5.60
BKA, 8784,Toán:,7.00,Hóa học:,6.80,Sinh học:,6.20
BKA, 8923,Toán:,7.50,Ngữ văn:,7.00,Ngoại ngữ:,4.43,Địa lý:,6.00
BKA, 2673,Toán:,5.00,Ngữ văn:,4.50,Ngoại ngữ:,2.75,Vật lý:,6.80,Hóa học:,3.40,Địa lý:,7.00
BKA, 8853,Toán:,6.50,Ngữ văn:,6.25,Ngoại ngữ:,5.70,Vật lý:,6.00
BKA, 11533,Toán:,5.50,Ngữ văn:,4.50,Ngoại ngữ:,2.80,Vật lý:,5.40,Hóa học:,5.60
BKA, 4960,Toán:,8.00,Ngữ văn:,5.00,Ngoại ngữ:,3.13,Vật lý:,6.20
BKA, 5562,Toán:,7.25,Ngữ văn:,8.00,Ngoại ngữ:,8.15,Vật lý:,7.00
BKA, 184,Toán:,5.00,Ngữ văn:,6.00,Ngoại ngữ:,1.75,Hóa học:,5.80,Sinh học:,6.40
BKA, 4215,Toán:,6.50,Ngữ văn:,7.00,Ngoại ngữ:,5.20,Địa lý:,7.00
BKA, 1391,Toán:,6.00,Ngữ văn:,5.00,Ngoại ngữ:,2.50,Vật lý:,7.00,Hóa học:,5.00
BKA, 9918,Toán:,0.50,Ngữ văn:,1.25,Ngoại ngữ:,3.00,Hóa học:,3.20,Sinh học:,2.80
BKA, 12500,Toán:,7.25,Ngữ văn:,6.00,Ngoại ngữ:,4.75,Vật lý:,8.20,Hóa học:,6.80,Sinh học:,6.20
BKA, 8639,Toán:,6.50,Ngữ văn:,7.75,Ngoại ngữ:,6.08,Địa lý:,5.50
BKA, 187,Toán:,6.75,Ngữ văn:,6.50,Ngoại ngữ:,5.93,Vật lý:,6.00
BKA, 6094,Toán:,6.25,Ngữ văn:,4.75,Ngoại ngữ:,2.75,Vật lý:,4.80,Hóa học:,4.40
BKA, 1512,Toán:,8.25,Vật lý:,7.40,Hóa học:,7.20
BKA, 5788,Toán:,2.75,Ngữ văn:,5.75,Ngoại ngữ:,3.33,Địa lý:,7.50
BKA, 8620,Toán:,5.75,Ngữ văn:,7.00,Ngoại ngữ:,3.53,Vật lý:,6.20
BKA, 8621,Toán:,6.25,Ngữ văn:,5.00,Ngoại ngữ:,2.38,Hóa học:,4.60,Sinh học:,4.40
BKA, 2257,Toán:,7.00,Ngữ văn:,7.25,Ngoại ngữ:,6.25,Địa lý:,5.50
BKA, 9777,Toán:,7.50,Ngữ văn:,5.00,Ngoại ngữ:,3.55,Vật lý:,6.00,Hóa học:,6.00,Sinh học:,6.80
BKA, 3863,Toán:,6.25,Ngữ văn:,5.00,Ngoại ngữ:,2.38,Địa lý:,5.00
BKA, 8522,Toán:,5.25,Ngữ văn:,3.75,Ngoại ngữ:,4.65,Địa lý:,5.00
BKA, 11233,Toán:,7.75,Ngữ văn:,6.50,Ngoại ngữ:,4.38,Vật lý:,6.80
BKA, 11592,Toán:,4.75,Ngữ văn:,3.00,Ngoại ngữ:,2.38,Vật lý:,5.40,Hóa học:,4.00
BKA, 4446,Toán:,7.00,Ngữ văn:,2.75,Ngoại ngữ:,2.00,Vật lý:,6.40,Hóa học:,6.00,Sinh học:,4.20
BKA, 1361,Toán:,7.25,Ngữ văn:,5.75,Ngoại ngữ:,5.00,Hóa học:,6.00
BKA, 1881,Toán:,5.75,Ngữ văn:,5.75,Ngoại ngữ:,3.68,Vật lý:,5.00
BKA, 3924,Toán:,5.50,Ngữ văn:,4.75,Ngoại ngữ:,2.00,Vật lý:,5.20,Hóa học:,3.80
BKA, 3421,Toán:,1.75,Ngữ văn:,6.00,Ngoại ngữ:,4.20,Lịch sử:,4.75,Địa lý:,6.00
BKA, 3422,Toán:,4.50,Ngữ văn:,5.75,Ngoại ngữ:,2.63,Địa lý:,7.00
BKA, 3423,Toán:,6.75,Ngữ văn:,7.50,Ngoại ngữ:,7.63,Vật lý:,5.80
BKA, 3424,Toán:,8.00,Ngữ văn:,6.25,Ngoại ngữ:,7.10,Vật lý:,6.60
BKA, 3425,Toán:,6.50,Ngữ văn:,6.75,Ngoại ngữ:,7.55,Địa lý:,6.50
BKA, 3426,Toán:,7.00,Ngữ văn:,4.75,Ngoại ngữ:,1.88,Vật lý:,6.60,Hóa học:,4.20
BKA, 3427,Toán:,6.00,Ngữ văn:,5.75,Ngoại ngữ:,7.05,Vật lý:,3.60
BKA, 3428,Toán:,5.00,Ngữ văn:,6.00,Ngoại ngữ:,6.78,Địa lý:,4.50
BKA, 3429,Toán:,6.00,Ngữ văn:,7.25,Ngoại ngữ:,2.35,Địa lý:,8.00
BKA, 3430,Toán:,7.00,Ngữ văn:,6.75,Ngoại ngữ:,6.05,Địa lý:,7.50
BKA, 3431,Toán:,5.50,Ngữ văn:,2.75,Ngoại ngữ:,2.25,Hóa học:,5.20,Sinh học:,7.40
BKA, 704,Toán:,5.75,Ngữ văn:,5.50,Ngoại ngữ:,6.40,Địa lý:,6.00
BKA, 705,Toán:,4.75,Ngữ văn:,2.75,Ngoại ngữ:,2.38,Địa lý:,4.00
BKA, 706,Toán:,6.50,Ngữ văn:,5.50,Ngoại ngữ:,3.00,Vật lý:,6.40,Hóa học:,4.40
BKA, 707,Toán:,6.25,Ngữ văn:,4.50,Ngoại ngữ:,3.60,Vật lý:,6.40
BKA, 708,Toán:,6.50,Ngữ văn:,7.00,Ngoại ngữ:,6.55,Vật lý:,5.00
BKA, 709,Toán:,3.50,Ngữ văn:,3.00,Ngoại ngữ:,3.88,Địa lý:,5.50
BKA, 1319,Toán:,6.00,Ngữ văn:,7.50,Ngoại ngữ:,8.85,Vật lý:,7.40
BKA, 2188,Toán:,4.25,Ngữ văn:,5.75,Ngoại ngữ:,1.98
BKA, 2189,Ngữ văn:,6.25,Lịch sử:,5.75,Địa lý:,9.00
BKA, 2190,Toán:,4.25,Ngữ văn:,6.50,Ngoại ngữ:,1.93,Vật lý:,5.60,Hóa học:,4.40,Địa lý:,5.00,Sinh học:,8.60
BKA, 1847,Toán:,2.25,Ngữ văn:,2.75,Ngoại ngữ:,1.63,Vật lý:,2.80,Hóa học:,2.40,Địa lý:,4.00
BKA, 4842,Toán:,3.75,Ngữ văn:,6.75,Ngoại ngữ:,3.35,Lịch sử:,5.50,Địa lý:,5.00
BKA, 4843,Toán:,6.75,Ngữ văn:,4.00,Ngoại ngữ:,2.10,Vật lý:,6.60,Hóa học:,4.40
BKA, 4844,Toán:,5.25,Ngữ văn:,3.75,Ngoại ngữ:,2.25,Địa lý:,4.00
BKA, 4845,Toán:,5.75,Ngữ văn:,6.25,Ngoại ngữ:,2.63,Hóa học:,6.20,Sinh học:,4.80
BKA, 4846,Toán:,6.75,Ngữ văn:,4.00,Ngoại ngữ:,2.73,Vật lý:,5.40,Hóa học:,5.80
BKA, 4847,Toán:,5.00,Ngữ văn:,5.50,Ngoại ngữ:,2.38,Vật lý:,3.60,Hóa học:,5.00,Địa lý:,3.50
BKA, 4848,Toán:,5.50,Ngữ văn:,3.75,Ngoại ngữ:,7.03,Vật lý:,5.20
BKA, 2235,Toán:,7.50,Vật lý:,8.20,Hóa học:,7.40
BKA, 2236,Toán:,5.00,Ngữ văn:,6.50,Ngoại ngữ:,2.98,Địa lý:,4.50
BKA, 2237,Toán:,5.00,Ngữ văn:,5.00,Ngoại ngữ:,2.75,Vật lý:,5.20
BKA, 2938,Toán:,2.75,Ngữ văn:,6.25,Ngoại ngữ:,2.80,Lịch sử:,5.25,Địa lý:,6.00
BKA, 2939,Toán:,4.50,Ngữ văn:,6.00,Ngoại ngữ:,4.00,Địa lý:,3.50
BKA, 2940,Toán:,6.25,Ngữ văn:,7.25,Ngoại ngữ:,6.00,Vật lý:,6.60
BKA, 5039,Toán:,3.25,Ngữ văn:,6.50,Ngoại ngữ:,3.13,Địa lý:,6.00
BKA, 5040,Toán:,6.25,Ngữ văn:,5.50,Ngoại ngữ:,3.83,Vật lý:,6.20,Hóa học:,6.40
BKA, 5041,Toán:,6.00,Ngữ văn:,6.00,Ngoại ngữ:,3.25,Hóa học:,5.80,Sinh học:,7.40
BKA, 5042,Toán:,6.25,Ngữ văn:,6.00,Ngoại ngữ:,3.48,Địa lý:,4.50
BKA, 5043,Toán:,6.25,Ngữ văn:,8.00,Ngoại ngữ:,4.73,Địa lý:,5.00
BKA, 5044,Toán:,5.00,Ngữ văn:,5.50,Ngoại ngữ:,2.38,Vật lý:,5.20,Hóa học:,5.20
BKA, 5045,Toán:,5.75,Ngữ văn:,2.75,Ngoại ngữ:,2.13,Vật lý:,7.40,Hóa học:,4.60
BKA, 5046,Toán:,3.50,Ngữ văn:,8.00,Ngoại ngữ:,2.48,Lịch sử:,6.75,Địa lý:,5.00
BKA, 5047,Toán:,1.75,Ngữ văn:,3.00,Ngoại ngữ:,2.08
BKA, 5048,Toán:,3.75,Ngữ văn:,7.75,Ngoại ngữ:,2.75,Địa lý:,6.00
BKA, 5049,Toán:,6.00,Ngữ văn:,6.50,Ngoại ngữ:,2.38,Lịch sử:,6.50,Địa lý:,5.00
BKA, 5050,Toán:,6.25,Ngữ văn:,7.75,Ngoại ngữ:,4.65,Địa lý:,5.00
BKA, 12140,Toán:,5.25,Ngữ văn:,5.00,Ngoại ngữ:,3.88,Lịch sử:,3.75,Địa lý:,5.50
BKA, 2059,Toán:,8.50,Ngữ văn:,5.00,Ngoại ngữ:,8.38,Vật lý:,8.00
BKA, 4035,Toán:,5.75,Ngữ văn:,6.25,Ngoại ngữ:,2.43,Địa lý:,4.50
BKA, 3880,Toán:,7.25,Ngữ văn:,5.25,Ngoại ngữ:,2.88,Vật lý:,7.20,Hóa học:,6.20
BKA, 3881,Toán:,6.25,Ngữ văn:,4.25,Ngoại ngữ:,2.63,Vật lý:,7.20,Địa lý:,4.00
BKA, 3882,Toán:,9.00,Ngữ văn:,6.50,Ngoại ngữ:,5.53,Vật lý:,8.20,Hóa học:,6.00
BKA, 4599,Toán:,7.50,Ngữ văn:,4.00,Ngoại ngữ:,2.13,Vật lý:,7.80,Hóa học:,6.60
BKA, 4659,Toán:,7.75,Hóa học:,9.20,Sinh học:,8.60
BKA, 5509,Toán:,4.50,Ngữ văn:,6.50,Ngoại ngữ:,4.08,Lịch sử:,5.00,Địa lý:,6.50
BKA, 6271,Toán:,5.00,Ngữ văn:,4.75,Ngoại ngữ:,3.50,Vật lý:,6.40,Hóa học:,4.40
BKA, 7252,Toán:,5.00,Ngữ văn:,5.00,Ngoại ngữ:,2.13,Vật lý:,5.40,Hóa học:,2.60
BKA, 7253,Toán:,6.25,Ngữ văn:,6.75,Ngoại ngữ:,5.50,Hóa học:,4.80,Sinh học:,4.00
BKA, 7116,Toán:,6.50,Ngữ văn:,4.25,Ngoại ngữ:,4.50,Vật lý:,6.60
BKA, 8578,Toán:,5.50,Ngữ văn:,7.50,Ngoại ngữ:,5.48,Địa lý:,5.00
BKA, 9090,Toán:,6.25,Ngữ văn:,3.50,Ngoại ngữ:,6.98,Vật lý:,7.20
BKA, 9982,Ngữ văn:,2.75,Lịch sử:,5.00,Địa lý:,4.00
BKA, 11893,Toán:,5.00,Ngữ văn:,5.50,Ngoại ngữ:,3.38,Vật lý:,5.80,Hóa học:,6.40
BKA, 12351,Toán:,5.25,Ngữ văn:,5.25,Ngoại ngữ:,6.70,Địa lý:,4.50
BKA, 11514,Toán:,7.00,Ngữ văn:,7.25,Ngoại ngữ:,6.03,Địa lý:,3.50
BKA, 12211,Toán:,4.75,Ngữ văn:,6.00,Ngoại ngữ:,2.75,Vật lý:,7.60,Hóa học:,4.80
BKA, 1594,Toán:,7.00,Ngữ văn:,6.00,Ngoại ngữ:,6.10,Vật lý:,6.80,Hóa học:,6.80
BKA, 5491,Toán:,3.75,Ngữ văn:,4.75,Ngoại ngữ:,2.00,Vật lý:,1.60,Hóa học:,2.40,Địa lý:,2.50
BKA, 8547,Toán:,5.75,Ngữ văn:,3.00,Ngoại ngữ:,4.53,Vật lý:,5.20
BKA, 8548,Toán:,6.25,Ngữ văn:,6.75,Ngoại ngữ:,7.48,Vật lý:,6.60
BKA, 9885,Toán:,6.25,Ngữ văn:,7.25,Ngoại ngữ:,7.00,Địa lý:,5.00
BKA, 7884,Toán:,3.00,Hóa học:,5.60,Sinh học:,5.60
BKA, 7885,Toán:,4.75,Ngữ văn:,3.00,Ngoại ngữ:,2.50,Vật lý:,5.00,Hóa học:,5.80
BKA, 1047,Toán:,5.50,Ngữ văn:,6.50,Ngoại ngữ:,4.85,Địa lý:,5.00
BKA, 2380,Toán:,6.00,Ngữ văn:,7.00,Ngoại ngữ:,4.40,Vật lý:,4.40
BKA, 11454,Toán:,3.25,Ngữ văn:,5.50,Ngoại ngữ:,5.68,Vật lý:,3.80
BKA, 8382,Toán:,6.50,Ngữ văn:,8.25,Ngoại ngữ:,4.93,Địa lý:,6.50
BKA, 6598,Toán:,3.25,Ngữ văn:,6.50,Ngoại ngữ:,2.50,Địa lý:,5.50,Sinh học:,4.00
BKA, 6599,Toán:,6.75,Ngữ văn:,6.00,Ngoại ngữ:,4.95,Vật lý:,6.00
BKA, 5620,Toán:,8.00,Vật lý:,8.00,Hóa học:,6.40
BKA, 8245,Toán:,5.75,Ngữ văn:,5.00,Ngoại ngữ:,4.63,Vật lý:,4.80
BKA, 10781,Toán:,5.75,Ngữ văn:,6.25,Ngoại ngữ:,4.68,Vật lý:,5.60,Hóa học:,4.00
BKA, 361,Toán:,8.25,Ngữ văn:,7.25,Ngoại ngữ:,8.30,Vật lý:,5.60
BKA, 362,Toán:,7.50,Ngữ văn:,3.00,Ngoại ngữ:,4.60,Vật lý:,8.20,Hóa học:,6.40
BKA, 8447,Toán:,2.75,Ngữ văn:,7.25,Ngoại ngữ:,2.00,Lịch sử:,8.25,Địa lý:,7.50
BKA, 7544,Toán:,5.50,Ngữ văn:,7.50,Ngoại ngữ:,5.60,Địa lý:,5.00
BKA, 1643,Toán:,6.00,Ngữ văn:,6.50,Ngoại ngữ:,4.95,Địa lý:,5.00
BKA, 11192,Toán:,4.25,Ngữ văn:,5.50,Ngoại ngữ:,2.13,Hóa học:,4.40,Sinh học:,4.80
BKA, 5447,Toán:,6.75,Ngữ văn:,7.00,Ngoại ngữ:,2.00,Địa lý:,5.50
BKA, 8300,Toán:,2.00,Ngữ văn:,5.25,Ngoại ngữ:,1.25,Lịch sử:,4.25,Địa lý:,3.50
BKA, 8301,Toán:,7.25,Ngữ văn:,6.25,Ngoại ngữ:,2.13,Vật lý:,6.60,Hóa học:,6.80
BKA, 8302,Toán:,2.75,Ngữ văn:,4.50,Ngoại ngữ:,2.00,Hóa học:,2.80,Sinh học:,3.20
BKA, 8303,Toán:,8.00,Ngữ văn:,4.25,Ngoại ngữ:,2.38,Vật lý:,6.40,Hóa học:,6.20
BKA, 8304,Toán:,7.25,Ngữ văn:,3.50,Ngoại ngữ:,2.25,Vật lý:,7.40,Hóa học:,6.60
BKA, 8305,Toán:,7.50,Ngoại ngữ:,7.08,Vật lý:,7.40
BKA, 10344,Toán:,8.75,Ngữ văn:,5.00,Ngoại ngữ:,2.25,Vật lý:,7.80,Hóa học:,7.60
BKA, 6192,Toán:,6.75,Ngữ văn:,5.75,Ngoại ngữ:,5.95,Vật lý:,7.60
BKA, 6193,Toán:,5.00,Ngữ văn:,3.25,Ngoại ngữ:,2.75,Địa lý:,4.50
BKA, 11180,Toán:,3.75,Ngữ văn:,2.50,Ngoại ngữ:,3.00
BKA, 8691,Toán:,5.50,Ngữ văn:,7.00,Ngoại ngữ:,4.48,Địa lý:,6.00
BKA, 12111,Toán:,8.25,Ngữ văn:,4.25,Ngoại ngữ:,2.75,Hóa học:,7.20,Sinh học:,7.40
BKA, 12161,Toán:,7.00,Ngữ văn:,3.75,Ngoại ngữ:,4.00,Vật lý:,5.40,Hóa học:,6.60
BKA, 7857,Ngữ văn:,4.50,Lịch sử:,5.00,Địa lý:,5.00
BKA, 8758,Toán:,7.75,Ngữ văn:,8.50,Ngoại ngữ:,7.13,Vật lý:,7.20
BKA, 8759,Toán:,6.50,Ngữ văn:,8.25,Ngoại ngữ:,4.23,Địa lý:,4.25
BKA, 8760,Toán:,6.50,Ngữ văn:,5.00,Ngoại ngữ:,3.05,Vật lý:,6.40,Hóa học:,4.80
BKA, 4473,Toán:,7.50,Ngữ văn:,5.50,Ngoại ngữ:,8.33,Vật lý:,7.60
BKA, 2603,Toán:,3.75,Ngữ văn:,5.50,Ngoại ngữ:,3.25,Vật lý:,5.60,Hóa học:,6.40
BKA, 11528,Toán:,7.25,Ngữ văn:,5.50,Ngoại ngữ:,2.00,Vật lý:,7.00,Hóa học:,5.80
BKA, 10238,Toán:,5.00,Ngữ văn:,5.50,Ngoại ngữ:,2.25,Vật lý:,6.80,Hóa học:,5.20
BKA, 10367,Toán:,6.25,Ngữ văn:,7.50,Ngoại ngữ:,5.40,Địa lý:,4.50
BKA, 665,Toán:,5.25,Ngữ văn:,6.50,Ngoại ngữ:,2.93,Địa lý:,8.50
BKA, 666,Toán:,6.75,Ngữ văn:,6.00,Ngoại ngữ:,6.90,Vật lý:,3.20,Địa lý:,6.00
BKA, 667,Toán:,5.00,Ngữ văn:,7.50,Ngoại ngữ:,3.35,Địa lý:,8.00
BKA, 668,Toán:,5.75,Ngữ văn:,6.50,Ngoại ngữ:,4.20,Địa lý:,6.00
BKA, 669,Toán:,7.75,Ngữ văn:,6.00,Ngoại ngữ:,5.05,Vật lý:,8.60,Hóa học:,7.80
BKA, 670,Toán:,6.50,Ngữ văn:,6.00,Ngoại ngữ:,4.83,Vật lý:,6.60,Hóa học:,6.40
BKA, 671,Toán:,7.50,Ngữ văn:,5.50,Ngoại ngữ:,9.10,Vật lý:,6.00,Hóa học:,4.60,Sinh học:,4.60
BKA, 8924,Toán:,7.75,Ngữ văn:,6.00,Ngoại ngữ:,2.25,Vật lý:,7.00,Hóa học:,6.80,Sinh học:,2.80
BKA, 8925,Toán:,6.00,Ngữ văn:,5.00,Ngoại ngữ:,3.33,Vật lý:,7.20,Hóa học:,6.60
BKA, 8926,Toán:,8.25,Ngữ văn:,6.00,Ngoại ngữ:,2.00,Hóa học:,8.00,Sinh học:,7.80
BKA, 8927,Toán:,5.50,Ngữ văn:,2.50,Ngoại ngữ:,1.88,Vật lý:,7.40,Hóa học:,3.60
BKA, 8928,Toán:,6.50,Ngữ văn:,6.75,Ngoại ngữ:,2.23,Địa lý:,4.00
BKA, 8929,Ngữ văn:,5.50,Lịch sử:,6.00,Địa lý:,5.00
BKA, 3162,Toán:,7.25,Ngữ văn:,4.50,Ngoại ngữ:,2.13,Vật lý:,7.60,Hóa học:,6.20
BKA, 3163,Toán:,5.75,Ngữ văn:,5.25,Ngoại ngữ:,2.88,Vật lý:,5.00,Hóa học:,5.60
BKA, 3164,Toán:,6.50,Ngữ văn:,4.25,Ngoại ngữ:,2.38,Vật lý:,7.60,Hóa học:,5.60
BKA, 3165,Toán:,6.75,Ngữ văn:,6.50,Ngoại ngữ:,5.55,Vật lý:,4.40
BKA, 3166,Toán:,5.00,Ngữ văn:,5.50,Ngoại ngữ:,2.38,Địa lý:,5.50
BKA, 3167,Toán:,5.00,Ngữ văn:,6.50,Ngoại ngữ:,2.13,Lịch sử:,6.00,Địa lý:,4.50
BKA, 3168,Toán:,6.25,Ngữ văn:,4.50,Ngoại ngữ:,3.13,Vật lý:,5.40,Địa lý:,5.50
BKA, 3169,Toán:,7.00,Ngữ văn:,4.75,Ngoại ngữ:,3.25,Vật lý:,7.20,Hóa học:,6.20
BKA, 3170,Toán:,7.75,Hóa học:,8.00,Sinh học:,7.80
BKA, 3171,Toán:,6.50,Ngữ văn:,5.00,Ngoại ngữ:,4.73,Vật lý:,6.60,Hóa học:,5.40
BKA, 3172,Toán:,5.75,Ngữ văn:,3.00,Ngoại ngữ:,3.08,Vật lý:,4.80,Hóa học:,3.00
BKA, 11627,Toán:,8.25,Ngữ văn:,4.75,Ngoại ngữ:,2.13,Vật lý:,5.00,Hóa học:,7.20,Sinh học:,5.80
BKA, 6701,Toán:,7.25,Ngữ văn:,2.75,Ngoại ngữ:,3.63,Vật lý:,7.80,Hóa học:,8.00
BKA, 8258,Toán:,4.50,Ngữ văn:,5.75,Ngoại ngữ:,2.73,Lịch sử:,3.00,Địa lý:,5.50
BKA, 1640,Toán:,5.00,Ngữ văn:,4.50,Ngoại ngữ:,2.50,Địa lý:,5.50
BKA, 1386,Toán:,4.75,Ngữ văn:,6.50,Ngoại ngữ:,2.73,Địa lý:,5.00
BKA, 5187,Toán:,6.75,Ngữ văn:,4.00,Ngoại ngữ:,3.70,Vật lý:,6.00
BKA, 1864,Toán:,4.75,Ngữ văn:,6.50,Ngoại ngữ:,7.03,Địa lý:,6.00
BKA, 3716,Toán:,6.25,Ngữ văn:,5.25,Ngoại ngữ:,2.25,Địa lý:,3.50
BKA, 11078,Toán:,4.75,Ngữ văn:,5.25,Ngoại ngữ:,3.45,Địa lý:,5.00
BKA, 6035,Toán:,2.50,Ngữ văn:,5.75,Ngoại ngữ:,2.38,Vật lý:,5.00,Hóa học:,5.20
BKA, 115,Toán:,3.50,Ngữ văn:,4.25,Ngoại ngữ:,3.98,Địa lý:,4.50
BKA, 8626,Toán:,5.25,Ngữ văn:,3.50,Ngoại ngữ:,2.50,Vật lý:,8.00,Hóa học:,6.40
BKA, 3488,Toán:,8.00,Ngữ văn:,8.00,Ngoại ngữ:,6.53,Địa lý:,5.50
BKA, 6897,Toán:,4.25,Ngữ văn:,7.50,Ngoại ngữ:,4.35,Địa lý:,5.50
BKA, 4361,Toán:,9.00,Ngữ văn:,3.50,Ngoại ngữ:,2.10,Vật lý:,9.40,Hóa học:,8.20
BKA, 2883,Toán:,5.75,Ngữ văn:,7.50,Ngoại ngữ:,3.08
BKA, 138,Toán:,2.50,Ngữ văn:,7.25,Ngoại ngữ:,2.35,Địa lý:,6.00
BKA, 139,Toán:,6.25,Ngữ văn:,5.25,Ngoại ngữ:,3.33,Địa lý:,4.50
BKA, 140,Toán:,6.75,Ngữ văn:,8.50,Ngoại ngữ:,7.33,Địa lý:,6.50
BKA, 3432,Toán:,1.50,Ngữ văn:,6.50,Ngoại ngữ:,4.65,Địa lý:,4.00
BKA, 3433,Toán:,5.25,Ngữ văn:,5.00,Ngoại ngữ:,2.00,Vật lý:,3.40
BKA, 3434,Toán:,6.25,Ngữ văn:,5.00,Ngoại ngữ:,7.23,Địa lý:,5.00
BKA, 6286,Toán:,5.50,Ngữ văn:,5.50,Ngoại ngữ:,2.38,Địa lý:,7.50
BKA, 6287,Toán:,7.00,Ngữ văn:,4.50,Ngoại ngữ:,4.80,Vật lý:,6.00
BKA, 6288,Toán:,3.25,Ngữ văn:,5.50,Ngoại ngữ:,2.45,Địa lý:,7.00
BKA, 6289,Toán:,5.50,Ngữ văn:,5.25,Sinh học:,3.60
BKA, 7257,Toán:,8.50,Ngữ văn:,4.25,Ngoại ngữ:,7.83,Vật lý:,6.00
BKA, 7258,Toán:,5.25,Ngữ văn:,6.00,Ngoại ngữ:,2.50,Địa lý:,5.50
BKA, 7259,Toán:,7.25,Ngữ văn:,5.25,Ngoại ngữ:,4.75,Vật lý:,5.00,Hóa học:,6.00,Sinh học:,7.20
BKA, 7792,Toán:,6.00,Ngữ văn:,7.00,Ngoại ngữ:,5.95,Địa lý:,5.00
BKA, 7969,Toán:,7.25,Ngữ văn:,8.50,Ngoại ngữ:,5.18,Lịch sử:,4.25
BKA, 7970,Toán:,2.50,Ngữ văn:,3.00,Ngoại ngữ:,2.85,Địa lý:,4.00
BKA, 7971,Toán:,4.75,Ngữ văn:,6.75,Ngoại ngữ:,2.98,Địa lý:,5.00
BKA, 7972,Toán:,6.00,Ngữ văn:,8.50,Ngoại ngữ:,3.40,Địa lý:,6.00
BKA, 8174,Toán:,7.25,Ngữ văn:,3.50,Ngoại ngữ:,7.73,Vật lý:,7.80
BKA, 8175,Toán:,6.75,Ngữ văn:,7.50,Ngoại ngữ:,4.70,Lịch sử:,8.75
BKA, 8579,Toán:,5.50,Ngữ văn:,6.00,Ngoại ngữ:,5.75,Địa lý:,3.50
BKA, 4849,Toán:,7.00,Ngữ văn:,5.50,Ngoại ngữ:,8.05,Địa lý:,4.00
BKA, 4850,Toán:,6.75,Ngữ văn:,3.50,Ngoại ngữ:,2.40,Vật lý:,5.60,Hóa học:,6.40
BKA, 4851,Toán:,3.25,Ngữ văn:,5.25,Ngoại ngữ:,2.38,Vật lý:,6.60,Hóa học:,5.80,Địa lý:,4.50,Sinh học:,4.80
BKA, 4852,Toán:,4.75,Ngữ văn:,2.25,Ngoại ngữ:,2.00,Vật lý:,5.80,Hóa học:,5.40
BKA, 4853,Toán:,4.75,Ngữ văn:,3.25,Ngoại ngữ:,4.08,Vật lý:,5.00,Hóa học:,4.40
BKA, 4854,Toán:,6.25,Ngữ văn:,5.75,Ngoại ngữ:,4.50,Địa lý:,4.00
BKA, 4855,Toán:,4.25,Ngữ văn:,4.25,Ngoại ngữ:,4.33,Vật lý:,4.60
BKA, 4856,Toán:,6.25,Ngữ văn:,4.25,Ngoại ngữ:,2.50,Vật lý:,7.00,Hóa học:,4.00
BKA, 4857,Toán:,2.50,Vật lý:,1.80,Hóa học:,6.00
BKA, 4858,Toán:,5.25,Vật lý:,6.20,Hóa học:,6.80
BKA, 4859,Toán:,3.75,Ngữ văn:,4.25,Ngoại ngữ:,1.83,Vật lý:,3.20
BKA, 4860,Toán:,5.00,Ngữ văn:,4.25,Ngoại ngữ:,2.25,Vật lý:,5.60,Hóa học:,5.20,Sinh học:,3.60
BKA, 4861,Toán:,5.25,Ngữ văn:,3.25,Ngoại ngữ:,4.50,Vật lý:,3.60
BKA, 4862,Toán:,6.00,Ngữ văn:,5.75,Ngoại ngữ:,5.05,Vật lý:,6.60
BKA, 4863,Toán:,6.25,Ngữ văn:,1.50,Ngoại ngữ:,1.88,Vật lý:,6.80,Hóa học:,4.20
BKA, 4864,Toán:,5.50,Ngữ văn:,4.50,Ngoại ngữ:,2.63,Địa lý:,4.00
BKA, 4544,Toán:,6.00,Ngữ văn:,5.50,Ngoại ngữ:,2.00,Vật lý:,3.40,Địa lý:,5.50
BKA, 9511,Toán:,6.25,Ngữ văn:,3.75,Ngoại ngữ:,2.83,Vật lý:,7.40,Hóa học:,5.60
BKA, 5051,Toán:,7.75,Ngữ văn:,5.25,Ngoại ngữ:,1.98,Vật lý:,8.20,Hóa học:,8.00
BKA, 5052,Toán:,4.75,Ngữ văn:,7.50,Ngoại ngữ:,2.50,Địa lý:,8.00
BKA, 5053,Toán:,5.50,Ngữ văn:,7.50,Ngoại ngữ:,2.98,Vật lý:,5.60,Lịch sử:,2.75
BKA, 5054,Toán:,9.00,Ngữ văn:,4.00,Ngoại ngữ:,3.48,Vật lý:,8.20,Hóa học:,8.00
BKA, 5364,Toán:,5.75,Ngữ văn:,6.75,Ngoại ngữ:,3.83,Địa lý:,6.50
BKA, 5365,Toán:,6.50,Ngữ văn:,6.25,Ngoại ngữ:,4.20,Vật lý:,6.80
BKA, 5366,Toán:,5.50,Ngữ văn:,5.00,Ngoại ngữ:,2.25,Địa lý:,5.00
BKA, 5367,Toán:,6.50,Ngữ văn:,5.50,Ngoại ngữ:,2.88,Hóa học:,5.60,Sinh học:,3.00
BKA, 5368,Toán:,7.50,Ngữ văn:,6.00,Ngoại ngữ:,1.88,Vật lý:,7.00,Hóa học:,7.00
BKA, 5369,Toán:,5.00,Ngữ văn:,5.50,Ngoại ngữ:,2.85,Vật lý:,6.00
BKA, 5370,Toán:,6.00,Ngữ văn:,6.00,Ngoại ngữ:,2.50,Địa lý:,6.00
BKA, 5371,Toán:,5.25,Ngữ văn:,5.25,Ngoại ngữ:,2.53,Địa lý:,5.00
BKA, 5372,Toán:,9.50,Ngữ văn:,4.50,Ngoại ngữ:,1.88,Vật lý:,8.60,Hóa học:,8.00
BKA, 5373,Toán:,4.25,Ngữ văn:,6.50,Ngoại ngữ:,2.23,Vật lý:,4.80
BKA, 5455,Toán:,7.50,Ngữ văn:,3.00,Ngoại ngữ:,4.10,Vật lý:,7.00,Hóa học:,7.40
BKA, 5456,Toán:,6.75,Ngữ văn:,5.50,Ngoại ngữ:,2.38,Vật lý:,6.80,Hóa học:,6.80
BKA, 5457,Toán:,6.75,Ngữ văn:,4.50,Ngoại ngữ:,2.98,Vật lý:,6.60,Hóa học:,5.00
BKA, 5458,Toán:,6.25,Ngữ văn:,7.00,Ngoại ngữ:,2.85,Địa lý:,6.00
BKA, 4028,Toán:,5.75,Ngữ văn:,7.50,Ngoại ngữ:,5.40,Lịch sử:,8.25,Địa lý:,8.50
BKA, 3879,Toán:,3.25,Ngữ văn:,4.75,Ngoại ngữ:,4.23,Vật lý:,2.20,Hóa học:,1.40,Địa lý:,5.00
BKA, 5225,Toán:,4.00,Ngữ văn:,4.25,Ngoại ngữ:,2.00,Vật lý:,4.40,Hóa học:,2.80
BKA, 5657,Toán:,3.00,Ngữ văn:,5.25,Ngoại ngữ:,2.85,Vật lý:,5.20,Địa lý:,5.50
BKA, 8169,Toán:,8.00,Vật lý:,6.20,Hóa học:,6.40,Sinh học:,4.20
BKA, 9086,Toán:,5.50,Ngữ văn:,4.50,Ngoại ngữ:,3.98,Vật lý:,5.60,Hóa học:,3.80
BKA, 12020,Toán:,3.75,Ngữ văn:,3.75,Ngoại ngữ:,3.70,Vật lý:,6.00
BKA, 12346,Toán:,1.50,Ngữ văn:,5.00,Ngoại ngữ:,2.35,Vật lý:,4.60
BKA, 2623,Ngữ văn:,6.00,Lịch sử:,8.25,Địa lý:,7.50
BKA, 2762,Toán:,6.75,Ngữ văn:,7.50,Ngoại ngữ:,6.33,Vật lý:,5.40
BKA, 2312,Toán:,7.75,Ngữ văn:,2.25,Ngoại ngữ:,2.25,Vật lý:,6.20,Hóa học:,6.60
BKA, 10363,Toán:,3.75,Ngữ văn:,4.50,Ngoại ngữ:,1.88,Vật lý:,5.40,Hóa học:,3.60
BKA, 1747,Toán:,2.00,Ngữ văn:,3.75,Ngoại ngữ:,2.13,Vật lý:,8.20,Hóa học:,7.00
BKA, 4439,Toán:,5.25,Ngữ văn:,5.00,Ngoại ngữ:,2.13,Địa lý:,6.00
BKA, 7848,Toán:,5.50,Ngữ văn:,6.00,Ngoại ngữ:,3.13,Vật lý:,6.40
BKA, 9272,Toán:,4.50,Ngữ văn:,4.50,Ngoại ngữ:,2.00,Địa lý:,4.00
BKA, 10408,Toán:,4.75,Ngữ văn:,6.00,Ngoại ngữ:,4.38,Vật lý:,6.20
BKA, 10219,Toán:,5.75,Ngữ văn:,6.00,Ngoại ngữ:,2.38,Vật lý:,6.60,Hóa học:,4.40
BKA, 6809,Toán:,6.50,Ngữ văn:,5.00,Ngoại ngữ:,7.68,Vật lý:,8.20
BKA, 12086,Toán:,7.25,Ngữ văn:,5.50,Ngoại ngữ:,2.95,Vật lý:,5.00,Hóa học:,5.40
BKA, 12087,Toán:,7.00,Ngữ văn:,4.75,Ngoại ngữ:,4.13,Vật lý:,8.40,Hóa học:,7.20
BKA, 12088,Ngữ văn:,5.00,Lịch sử:,8.25,Địa lý:,5.50
BKA, 8133,Toán:,7.00,Ngữ văn:,7.00,Ngoại ngữ:,8.18,Địa lý:,5.00
BKA, 8878,Toán:,4.25,Ngữ văn:,5.50,Ngoại ngữ:,3.75,Hóa học:,2.80,Sinh học:,3.60
BKA, 8879,Toán:,4.00,Ngữ văn:,5.75,Ngoại ngữ:,3.08,Địa lý:,3.50
BKA, 8880,Toán:,4.50,Ngữ văn:,5.00,Ngoại ngữ:,4.00,Hóa học:,3.40,Địa lý:,2.50,Sinh học:,4.20
BKA, 2383,Toán:,6.50,Ngữ văn:,8.00,Ngoại ngữ:,4.18,Địa lý:,7.50
BKA, 2384,Toán:,6.25,Ngữ văn:,7.00,Ngoại ngữ:,7.13,Vật lý:,5.60
BKA, 1118,Toán:,6.25,Ngữ văn:,7.00,Ngoại ngữ:,5.18,Vật lý:,4.20,Địa lý:,5.50
BKA, 3248,Toán:,2.00,Ngữ văn:,6.25,Ngoại ngữ:,2.63,Địa lý:,5.50
BKA, 9889,Toán:,6.75,Ngữ văn:,6.25,Ngoại ngữ:,6.95
BKA, 10381,Toán:,4.75,Ngữ văn:,4.50,Ngoại ngữ:,4.88,Vật lý:,4.40
BKA, 5753,Toán:,5.00,Ngữ văn:,5.00,Ngoại ngữ:,4.60,Vật lý:,5.80,Hóa học:,4.40,Địa lý:,5.00
BKA, 4522,Toán:,3.00,Ngữ văn:,5.00,Ngoại ngữ:,3.00,Hóa học:,5.40
BKA, 11422,Toán:,4.00,Ngữ văn:,6.50,Ngoại ngữ:,2.00,Lịch sử:,4.75,Địa lý:,7.00
BKA, 9132,Toán:,4.50,Ngữ văn:,2.00,Ngoại ngữ:,2.00,Vật lý:,6.20,Hóa học:,4.20
BKA, 11181,Toán:,5.75,Ngữ văn:,4.50,Ngoại ngữ:,1.50,Vật lý:,5.60,Hóa học:,5.00
BKA, 5001,Toán:,4.00,Ngữ văn:,6.00,Ngoại ngữ:,2.48,Địa lý:,6.00
BKA, 5781,Toán:,4.50,Ngữ văn:,6.50,Ngoại ngữ:,3.43,Địa lý:,4.50,Sinh học:,3.00
BKA, 7696,Toán:,1.25,Ngữ văn:,5.00,Ngoại ngữ:,4.88,Lịch sử:,4.00,Địa lý:,2.50
BKA, 12564,Toán:,6.75,Ngữ văn:,5.00,Ngoại ngữ:,3.70,Vật lý:,5.20,Hóa học:,7.80
BKA, 3754,Toán:,6.25,Ngữ văn:,6.50,Ngoại ngữ:,3.28,Vật lý:,5.60
BKA, 4338,Toán:,4.50,Ngữ văn:,4.75,Ngoại ngữ:,2.85,Địa lý:,6.50
BKA, 8140,Ngữ văn:,7.00,Lịch sử:,8.75,Địa lý:,6.00
BKA, 10692,Toán:,5.75,Ngữ văn:,5.50,Ngoại ngữ:,2.98,Địa lý:,6.00
BKA, 10589,Toán:,6.25,Ngữ văn:,5.00,Ngoại ngữ:,5.65,Vật lý:,6.00
BKA, 10590,Toán:,5.75,Ngữ văn:,7.00,Ngoại ngữ:,5.40,Địa lý:,4.00
BKA, 12503,Toán:,6.75,Ngữ văn:,5.25,Ngoại ngữ:,3.93,Vật lý:,6.60,Địa lý:,5.50,Sinh học:,6.40
BKA, 5451,Toán:,5.75,Ngữ văn:,4.75,Ngoại ngữ:,1.63,Địa lý:,6.00
BKA, 2293,Toán:,1.75,Ngữ văn:,4.50,Ngoại ngữ:,2.50,Địa lý:,5.75
BKA, 9262,Toán:,6.75,Ngữ văn:,3.00,Ngoại ngữ:,3.03,Vật lý:,6.60
BKA, 9263,Toán:,7.25,Ngữ văn:,2.75,Ngoại ngữ:,2.13,Vật lý:,7.40,Hóa học:,5.80
BKA, 11202,Toán:,5.25,Ngữ văn:,5.00,Ngoại ngữ:,2.25,Vật lý:,4.20,Hóa học:,4.40
BKA, 6213,Toán:,4.25,Ngữ văn:,4.00,Ngoại ngữ:,1.75,Vật lý:,4.00,Hóa học:,3.80
BKA, 672,Toán:,5.75,Ngữ văn:,6.00,Ngoại ngữ:,7.93,Địa lý:,5.50
BKA, 673,Toán:,3.25,Ngữ văn:,5.00,Ngoại ngữ:,3.35
BKA, 674,Toán:,3.25,Ngữ văn:,6.50,Ngoại ngữ:,3.80,Địa lý:,6.00
BKA, 675,Toán:,7.50,Ngữ văn:,7.50,Ngoại ngữ:,6.55,Vật lý:,6.40,Hóa học:,6.80
BKA, 676,Toán:,7.00,Ngữ văn:,3.00,Ngoại ngữ:,8.48,Vật lý:,7.60
BKA, 678,Toán:,6.75,Ngữ văn:,7.00,Ngoại ngữ:,4.70,Địa lý:,7.50
BKA, 679,Toán:,1.00,Ngữ văn:,5.75,Ngoại ngữ:,3.45,Lịch sử:,5.25
BKA, 680,Toán:,3.75,Ngữ văn:,3.75,Ngoại ngữ:,4.20,Địa lý:,4.50
BKA, 681,Toán:,4.00,Ngữ văn:,6.00,Ngoại ngữ:,2.68
BKA, 682,Toán:,6.75,Ngữ văn:,7.50,Ngoại ngữ:,7.40,Địa lý:,6.50
BKA, 683,Toán:,4.00,Ngữ văn:,6.50,Ngoại ngữ:,3.33,Địa lý:,5.00
BKA, 684,Toán:,3.50,Ngữ văn:,5.75,Ngoại ngữ:,2.38,Địa lý:,7.50
BKA, 685,Toán:,3.50,Ngữ văn:,6.25,Ngoại ngữ:,2.63,Địa lý:,5.50
BKA, 686,Toán:,5.25,Ngữ văn:,6.00,Ngoại ngữ:,2.48,Vật lý:,5.80,Hóa học:,5.20
BKA, 687,Toán:,8.00,Ngữ văn:,8.00,Ngoại ngữ:,6.58,Vật lý:,7.00
BKA, 688,Toán:,7.50,Ngữ văn:,3.00,Ngoại ngữ:,2.50,Vật lý:,5.80,Hóa học:,4.00,Sinh học:,4.60
BKA, 689,Toán:,5.50,Ngữ văn:,7.00,Ngoại ngữ:,3.88,Địa lý:,5.50
BKA, 690,Ngữ văn:,7.50,Lịch sử:,9.50,Địa lý:,9.50
BKA, 691,Toán:,8.00,Ngữ văn:,4.00,Ngoại ngữ:,3.93,Vật lý:,5.80
BKA, 3173,Toán:,2.25,Ngữ văn:,5.00,Ngoại ngữ:,2.25,Địa lý:,5.00
BKA, 3174,Toán:,6.00,Ngữ văn:,6.00,Ngoại ngữ:,6.33,Vật lý:,2.60
BKA, 5943,Toán:,2.75,Ngữ văn:,7.00,Ngoại ngữ:,2.63,Địa lý:,3.50
BKA, 10814,Toán:,4.50,Ngữ văn:,5.00,Ngoại ngữ:,2.88,Hóa học:,3.60,Sinh học:,5.40
BKA, 10815,Toán:,5.75,Ngữ văn:,5.50,Ngoại ngữ:,2.38,Vật lý:,6.40
BKA, 7357,Toán:,5.75,Ngữ văn:,5.00,Ngoại ngữ:,2.50,Địa lý:,5.50
BKA, 7419,Toán:,4.00,Ngữ văn:,5.00,Ngoại ngữ:,3.45,Địa lý:,3.00
BKA, 7420,Toán:,6.75,Ngữ văn:,2.75,Ngoại ngữ:,6.68,Vật lý:,7.80
BKA, 7421,Toán:,6.00,Ngữ văn:,6.00,Ngoại ngữ:,3.35,Vật lý:,7.00,Hóa học:,6.20,Sinh học:,3.60
BKA, 7422,Toán:,6.00,Ngữ văn:,7.00,Ngoại ngữ:,5.75,Hóa học:,4.60
BKA, 7423,Toán:,4.00,Ngữ văn:,4.50,Ngoại ngữ:,2.48,Địa lý:,4.50
BKA, 7424,Toán:,1.00,Ngữ văn:,6.00,Ngoại ngữ:,2.25,Lịch sử:,4.00,Địa lý:,4.00
BKA, 7425,Toán:,6.50,Ngữ văn:,3.75,Ngoại ngữ:,4.03,Vật lý:,6.60
BKA, 7426,Toán:,2.00,Ngữ văn:,5.25,Ngoại ngữ:,2.13,Địa lý:,2.50
BKA, 7427,Toán:,5.00,Ngữ văn:,5.50,Ngoại ngữ:,3.18,Địa lý:,5.00
BKA, 7428,Toán:,5.00,Ngữ văn:,6.75,Ngoại ngữ:,3.13,Địa lý:,5.50
BKA, 818,Toán:,7.00,Ngữ văn:,6.50,Ngoại ngữ:,2.88,Vật lý:,6.80,Hóa học:,6.60,Sinh học:,5.60
BKA, 6953,Toán:,6.00,Ngữ văn:,7.00,Ngoại ngữ:,4.70,Địa lý:,5.50
BKA, 1018,Toán:,6.50,Ngữ văn:,5.50,Ngoại ngữ:,3.20,Địa lý:,3.50
BKA, 1020,Toán:,1.75,Ngữ văn:,6.75,Ngoại ngữ:,3.58,Lịch sử:,7.00,Địa lý:,5.50
BKA, 1021,Toán:,5.25,Ngữ văn:,3.00,Ngoại ngữ:,3.00,Vật lý:,5.80,Hóa học:,4.60
BKA, 12613,Toán:,8.00,Ngữ văn:,4.00,Ngoại ngữ:,2.75,Vật lý:,7.80,Hóa học:,7.40,Sinh học:,7.00
BKA, 7874,Toán:,4.75,Ngữ văn:,2.00,Ngoại ngữ:,2.25,Vật lý:,6.00,Hóa học:,1.80,Địa lý:,3.00
BKA, 3634,Toán:,6.50,Ngữ văn:,7.00,Ngoại ngữ:,4.15,Địa lý:,7.50
BKA, 5615,Toán:,5.25,Ngữ văn:,6.00,Ngoại ngữ:,2.63,Vật lý:,6.00,Hóa học:,7.00,Địa lý:,6.50
BKA, 1986,Toán:,3.50,Ngữ văn:,5.50,Ngoại ngữ:,3.68,Địa lý:,5.00
BKA, 9866,Toán:,8.00,Ngữ văn:,5.50,Ngoại ngữ:,3.13,Vật lý:,7.60,Hóa học:,7.00
BKA, 11677,Toán:,6.25,Ngữ văn:,1.75,Ngoại ngữ:,3.08,Vật lý:,6.60,Hóa học:,6.40
BKA, 8838,Toán:,7.00,Ngữ văn:,5.75,Ngoại ngữ:,4.43,Địa lý:,8.50
BKA, 8844,Toán:,6.00,Ngữ văn:,4.25,Ngoại ngữ:,2.25,Vật lý:,6.60,Hóa học:,3.20
BKA, 6834,Toán:,6.00,Ngữ văn:,6.00,Ngoại ngữ:,2.13,Vật lý:,8.00,Hóa học:,7.40
BKA, 7064,Toán:,6.00,Ngữ văn:,6.50,Ngoại ngữ:,6.40,Vật lý:,5.40
BKA, 141,Toán:,5.00,Ngữ văn:,7.00,Ngoại ngữ:,1.88,Hóa học:,4.40,Sinh học:,5.00
BKA, 1200,Toán:,4.50,Ngữ văn:,4.25,Ngoại ngữ:,2.38,Vật lý:,3.60,Hóa học:,4.80
BKA, 4214,Toán:,6.25,Ngữ văn:,4.50,Ngoại ngữ:,1.73,Vật lý:,4.00,Hóa học:,6.00,Sinh học:,6.80
BKA, 10995,Toán:,3.25,Ngữ văn:,5.00,Ngoại ngữ:,3.00,Hóa học:,2.60,Sinh học:,3.80
BKA, 8633,Toán:,3.25,Ngữ văn:,4.50,Ngoại ngữ:,2.60,Địa lý:,3.50
BKA, 11142,Toán:,4.75,Ngữ văn:,4.00,Ngoại ngữ:,2.38,Hóa học:,5.00,Sinh học:,5.40
BKA, 12246,Toán:,4.50,Ngữ văn:,3.00,Ngoại ngữ:,2.38,Vật lý:,5.20,Hóa học:,4.20
BKA, 11849,Toán:,4.00,Ngữ văn:,5.00,Ngoại ngữ:,6.53,Địa lý:,3.50
BKA, 6146,Toán:,6.50,Ngữ văn:,5.25,Ngoại ngữ:,4.45,Địa lý:,5.00
BKA, 1445,Toán:,5.75,Ngữ văn:,6.75,Ngoại ngữ:,3.23,Vật lý:,3.60
BKA, 4224,Toán:,4.50,Ngữ văn:,5.50,Ngoại ngữ:,2.88,Vật lý:,5.40
BKA, 11005,Toán:,1.75,Ngữ văn:,6.25,Ngoại ngữ:,3.00,Địa lý:,5.00
BKA, 9,Toán:,5.50,Ngữ văn:,5.00,Ngoại ngữ:,4.25,Địa lý:,5.50
BKA, 1535,Toán:,5.00,Ngữ văn:,5.75,Ngoại ngữ:,3.45,Địa lý:,4.50
BKA, 4286,Toán:,6.50,Ngữ văn:,7.50,Ngoại ngữ:,3.08,Vật lý:,6.80
BKA, 5797,Toán:,6.50,Ngữ văn:,8.25,Ngoại ngữ:,5.00,Địa lý:,8.50
BKA, 10435,Toán:,3.75,Ngữ văn:,8.50,Ngoại ngữ:,3.48,Địa lý:,4.00
BKA, 314,Toán:,7.00,Ngữ văn:,5.75,Ngoại ngữ:,6.88,Vật lý:,6.80
BKA, 9094,Toán:,7.50,Ngữ văn:,6.50,Ngoại ngữ:,2.13,Vật lý:,7.20,Hóa học:,6.60,Sinh học:,5.80
BKA, 9095,Toán:,2.00,Ngữ văn:,5.00,Ngoại ngữ:,2.25,Vật lý:,5.80,Địa lý:,4.00
BKA, 9096,Toán:,1.50,Ngữ văn:,4.25,Ngoại ngữ:,1.75,Vật lý:,5.40,Hóa học:,4.40,Địa lý:,4.00
BKA, 9097,Toán:,6.50,Ngữ văn:,6.75,Ngoại ngữ:,1.88,Vật lý:,7.00,Hóa học:,5.60
BKA, 9098,Toán:,0.25,Vật lý:,5.80,Hóa học:,4.00
BKA, 9099,Toán:,7.00,Ngữ văn:,6.00,Ngoại ngữ:,3.85,Vật lý:,7.00,Hóa học:,7.00
BKA, 2929,Toán:,3.25,Ngữ văn:,1.75,Ngoại ngữ:,3.23,Vật lý:,5.60,Hóa học:,4.20
BKA, 4449,Toán:,8.75,Ngữ văn:,4.25,Ngoại ngữ:,7.98,Vật lý:,8.60
BKA, 4450,Ngữ văn:,4.50,Lịch sử:,6.50,Địa lý:,6.50
BKA, 4451,Toán:,6.00,Ngữ văn:,3.75,Ngoại ngữ:,2.00,Vật lý:,7.80,Hóa học:,7.60
BKA, 5493,Ngữ văn:,5.75,Lịch sử:,5.00,Địa lý:,3.00
BKA, 5600,Toán:,5.25,Ngữ văn:,2.25,Ngoại ngữ:,2.13,Hóa học:,3.00,Địa lý:,5.00,Sinh học:,6.60
BKA, 7853,Toán:,4.75,Vật lý:,6.40,Hóa học:,6.60,Sinh học:,5.00
BKA, 8609,Toán:,6.75,Ngữ văn:,5.75,Ngoại ngữ:,5.68,Vật lý:,6.40
BKA, 8996,Toán:,4.00,Ngữ văn:,2.50,Ngoại ngữ:,3.00,Địa lý:,6.00
BKA, 8997,Toán:,4.50,Ngữ văn:,4.00,Ngoại ngữ:,3.38,Địa lý:,3.00
BKA, 9827,Toán:,7.00,Ngữ văn:,2.50,Ngoại ngữ:,2.75,Vật lý:,7.00,Hóa học:,5.40
BKA, 9828,Toán:,5.75,Ngữ văn:,6.00,Ngoại ngữ:,3.50,Địa lý:,3.00
BKA, 2416,Toán:,5.25,Ngữ văn:,3.00,Ngoại ngữ:,3.68,Vật lý:,6.80
BKA, 2663,Toán:,5.00,Ngữ văn:,3.50,Ngoại ngữ:,2.38,Vật lý:,2.80,Hóa học:,4.40
BKA, 2436,Toán:,5.75,Ngữ văn:,4.00,Ngoại ngữ:,6.93,Vật lý:,6.40
BKA, 10334,Toán:,6.50,Ngữ văn:,4.25,Ngoại ngữ:,2.13,Vật lý:,7.20,Hóa học:,5.20
BKA, 3899,Toán:,6.50,Ngữ văn:,5.50,Ngoại ngữ:,5.70,Vật lý:,6.40
BKA, 4708,Ngữ văn:,5.50,Lịch sử:,6.00,Địa lý:,7.00
BKA, 5234,Toán:,6.75,Ngữ văn:,6.25,Ngoại ngữ:,7.48,Hóa học:,5.20
BKA, 5235,Toán:,3.50,Ngữ văn:,5.75,Ngoại ngữ:,3.85,Vật lý:,4.80
BKA, 5236,Toán:,7.25,Ngữ văn:,6.00,Ngoại ngữ:,6.68,Vật lý:,6.40,Hóa học:,6.60
BKA, 7281,Toán:,3.00,Ngữ văn:,2.00,Ngoại ngữ:,4.53,Địa lý:,3.00
BKA, 9690,Toán:,6.50,Ngữ văn:,5.25,Ngoại ngữ:,4.05,Vật lý:,5.00
BKA, 11914,Toán:,5.50,Vật lý:,4.60,Hóa học:,5.40
BKA, 11915,Toán:,3.00,Ngữ văn:,5.50,Ngoại ngữ:,2.00,Địa lý:,4.50
BKA, 11960,Toán:,6.75,Hóa học:,6.20,Sinh học:,5.00
BKA, 12358,Toán:,8.25,Ngữ văn:,3.50,Ngoại ngữ:,2.73,Vật lý:,7.00,Hóa học:,7.20
BKA, 12359,Toán:,5.75,Ngữ văn:,5.25,Ngoại ngữ:,3.58,Vật lý:,6.20,Hóa học:,4.60
BKA, 12360,Toán:,6.25,Ngữ văn:,3.50,Ngoại ngữ:,1.88,Vật lý:,5.20,Hóa học:,6.40
BKA, 2628,Toán:,7.00,Ngữ văn:,6.75,Ngoại ngữ:,5.53,Vật lý:,7.60,Hóa học:,4.40
BKA, 5459,Toán:,6.50,Ngữ văn:,4.75,Ngoại ngữ:,3.58,Địa lý:,6.50
BKA, 5460,Toán:,5.75,Ngữ văn:,6.25,Ngoại ngữ:,3.38,Địa lý:,6.00
BKA, 5461,Toán:,5.75,Ngữ văn:,2.75,Ngoại ngữ:,2.00,Hóa học:,3.80,Sinh học:,6.40
BKA, 5462,Toán:,3.75,Ngữ văn:,5.50,Ngoại ngữ:,2.00,Lịch sử:,2.50,Địa lý:,5.50
BKA, 5463,Toán:,6.75,Ngữ văn:,7.75,Ngoại ngữ:,4.90,Địa lý:,6.00
BKA, 5464,Toán:,6.50,Ngữ văn:,7.00,Ngoại ngữ:,3.63,Hóa học:,5.20,Sinh học:,6.00
BKA, 5465,Toán:,6.00,Ngữ văn:,5.50,Ngoại ngữ:,2.48,Địa lý:,4.00
BKA, 5543,Toán:,6.25,Ngữ văn:,5.50,Ngoại ngữ:,2.63,Hóa học:,5.80,Sinh học:,5.80
BKA, 6861,Toán:,6.50,Ngữ văn:,6.50,Ngoại ngữ:,4.25,Địa lý:,2.00
BKA, 5778,Toán:,7.75,Ngữ văn:,5.50,Ngoại ngữ:,2.98,Vật lý:,7.60,Hóa học:,5.40
BKA, 6875,Toán:,7.00,Ngữ văn:,5.75,Ngoại ngữ:,2.50,Địa lý:,4.00
BKA, 6876,Toán:,4.25,Ngữ văn:,6.00,Ngoại ngữ:,1.88,Vật lý:,3.60,Hóa học:,2.80,Địa lý:,4.00
BKA, 7860,Toán:,7.00,Ngữ văn:,6.00,Ngoại ngữ:,2.38,Vật lý:,6.20,Hóa học:,5.60
BKA, 7897,Toán:,8.50,Ngữ văn:,5.00,Ngoại ngữ:,2.38,Hóa học:,7.20,Sinh học:,7.80
BKA, 8250,Ngữ văn:,6.00,Lịch sử:,7.00,Địa lý:,6.00
BKA, 8347,Toán:,1.50,Ngữ văn:,7.00,Ngoại ngữ:,2.38,Hóa học:,2.40,Lịch sử:,4.00,Địa lý:,5.50,Sinh học:,3.40
BKA, 8348,Toán:,6.25,Ngữ văn:,4.50,Ngoại ngữ:,1.88,Địa lý:,2.50
BKA, 8349,Toán:,6.75,Ngữ văn:,7.50,Ngoại ngữ:,6.45
BKA, 12472,Toán:,4.00,Ngữ văn:,4.50,Ngoại ngữ:,2.63,Vật lý:,5.60
BKA, 1625,Toán:,4.00,Vật lý:,5.00
BKA, 1681,Toán:,6.00,Ngữ văn:,5.00,Ngoại ngữ:,3.25,Địa lý:,3.50
BKA, 1663,Ngữ văn:,5.50,Lịch sử:,6.50,Địa lý:,6.50
BKA, 1664,Toán:,6.75,Ngữ văn:,5.50,Ngoại ngữ:,2.50,Vật lý:,6.60,Hóa học:,5.20
BKA, 4440,Toán:,5.75,Ngữ văn:,4.25,Ngoại ngữ:,2.00,Vật lý:,5.80,Hóa học:,4.80
BKA, 4441,Toán:,6.75,Ngữ văn:,5.75,Ngoại ngữ:,6.78,Vật lý:,7.20
BKA, 4660,Toán:,3.00,Ngữ văn:,3.25,Ngoại ngữ:,4.00,Địa lý:,3.00
BKA, 5541,Toán:,5.50,Ngữ văn:,5.75,Ngoại ngữ:,2.50,Vật lý:,2.40,Hóa học:,3.20,Địa lý:,4.00,Sinh học:,5.60
BKA, 7849,Toán:,4.00,Vật lý:,6.40,Hóa học:,4.60,Sinh học:,4.20
BKA, 7850,Toán:,7.25,Ngữ văn:,6.50,Ngoại ngữ:,4.10,Vật lý:,6.20
BKA, 8990,Toán:,5.75,Ngữ văn:,6.00,Ngoại ngữ:,2.00,Vật lý:,5.60
BKA, 8991,Toán:,7.25,Ngữ văn:,5.00,Ngoại ngữ:,3.25,Vật lý:,6.80,Hóa học:,6.80
BKA, 8992,Toán:,5.50,Ngữ văn:,7.00,Ngoại ngữ:,5.65,Vật lý:,6.60
BKA, 9731,Toán:,1.25,Ngữ văn:,3.25,Ngoại ngữ:,3.00
BKA, 10329,Toán:,8.25,Ngữ văn:,5.00,Ngoại ngữ:,2.85,Vật lý:,7.60,Hóa học:,7.00,Sinh học:,3.40
BKA, 10514,Ngữ văn:,7.50,Lịch sử:,7.75,Địa lý:,9.50
BKA, 9823,Toán:,8.75,Ngữ văn:,6.00,Ngoại ngữ:,6.30,Vật lý:,7.60
BKA, 9824,Toán:,3.50,Ngữ văn:,5.00,Ngoại ngữ:,3.25,Vật lý:,5.00
BKA, 8096,Toán:,6.75,Ngữ văn:,5.50,Ngoại ngữ:,3.48,Vật lý:,7.40
BKA, 9875,Toán:,8.25,Ngữ văn:,6.00,Ngoại ngữ:,5.85,Vật lý:,8.20,Hóa học:,8.40
BKA, 8044,Toán:,5.00,Ngữ văn:,6.75,Ngoại ngữ:,2.73,Hóa học:,5.20
BKA, 7315,Toán:,6.75,Ngữ văn:,3.50,Ngoại ngữ:,2.13,Vật lý:,6.40,Hóa học:,4.80,Sinh học:,4.60
BKA, 5143,Toán:,7.25,Ngữ văn:,7.25,Ngoại ngữ:,8.20,Hóa học:,4.60
BKA, 3635,Toán:,8.00,Ngữ văn:,7.25,Ngoại ngữ:,2.38,Vật lý:,8.40,Hóa học:,7.00
BKA, 5977,Toán:,7.00,Ngữ văn:,5.50,Ngoại ngữ:,2.85,Vật lý:,6.80
BKA, 5144,Toán:,3.75,Ngữ văn:,4.50,Ngoại ngữ:,2.25,Địa lý:,3.50
BKA, 11419,Toán:,6.75,Ngữ văn:,3.75,Ngoại ngữ:,4.93,Vật lý:,5.20
BKA, 6540,Toán:,6.00,Ngữ văn:,7.50,Ngoại ngữ:,2.50,Vật lý:,5.00,Hóa học:,5.40
BKA, 11461,Toán:,6.00,Ngữ văn:,4.00,Ngoại ngữ:,4.20,Vật lý:,7.60
BKA, 2998,Toán:,3.50,Ngữ văn:,2.50,Ngoại ngữ:,3.00,Vật lý:,5.60
BKA, 8061,Toán:,6.00,Ngữ văn:,7.00,Ngoại ngữ:,2.60,Địa lý:,5.00
BKA, 1994,Toán:,7.50,Ngữ văn:,6.00,Ngoại ngữ:,2.88,Vật lý:,7.80,Hóa học:,6.60,Sinh học:,6.60
BKA, 7080,Toán:,5.75,Ngữ văn:,7.00,Ngoại ngữ:,2.50,Địa lý:,6.00
BKA, 8552,Toán:,6.75,Vật lý:,6.40,Hóa học:,5.40,Sinh học:,4.40
BKA, 1597,Toán:,5.00,Ngữ văn:,6.25,Ngoại ngữ:,3.63,Địa lý:,5.50
BKA, 1599,Toán:,6.00,Ngữ văn:,8.00,Ngoại ngữ:,8.43,Địa lý:,7.75
BKA, 7698,Toán:,6.25,Ngữ văn:,6.50,Ngoại ngữ:,5.50,Vật lý:,6.20
BKA, 5340,Toán:,6.00,Ngữ văn:,5.75,Ngoại ngữ:,3.45,Địa lý:,6.00
BKA, 439,Toán:,5.50,Ngữ văn:,6.25,Ngoại ngữ:,6.03,Vật lý:,5.80
BKA, 7754,Toán:,4.00,Ngữ văn:,5.25,Ngoại ngữ:,2.35,Lịch sử:,6.00,Địa lý:,7.50
BKA, 11212,Toán:,6.25,Ngữ văn:,7.75,Ngoại ngữ:,2.88,Vật lý:,8.00
BKA, 11213,Toán:,6.25,Ngữ văn:,6.50,Ngoại ngữ:,2.63,Vật lý:,4.60,Hóa học:,4.40
BKA, 2917,Toán:,6.75,Ngữ văn:,4.75,Ngoại ngữ:,2.33,Vật lý:,5.80,Hóa học:,5.40
BKA, 9268,Toán:,5.75,Ngữ văn:,5.50,Ngoại ngữ:,3.08,Vật lý:,4.60
BKA, 8699,Toán:,5.75,Ngữ văn:,7.25,Ngoại ngữ:,3.08,Địa lý:,6.00
BKA, 9969,Toán:,6.00,Ngữ văn:,5.50,Ngoại ngữ:,2.80,Hóa học:,3.60,Địa lý:,3.50,Sinh học:,4.80
BKA, 11205,Toán:,6.00,Ngữ văn:,5.00,Ngoại ngữ:,3.73,Địa lý:,4.50
BKA, 5009,Toán:,4.75,Ngữ văn:,8.00,Ngoại ngữ:,2.85,Lịch sử:,5.00,Địa lý:,6.50
BKA, 1544,Toán:,6.50,Ngữ văn:,4.00,Ngoại ngữ:,5.63,Hóa học:,6.80,Sinh học:,6.60
BKA, 1739,Toán:,3.25,Ngữ văn:,5.25,Ngoại ngữ:,2.00,Lịch sử:,5.75,Địa lý:,8.50
BKA, 7352,Toán:,5.00,Ngữ văn:,6.50,Ngoại ngữ:,3.13,Địa lý:,4.50
BKA, 428,Toán:,7.25,Ngữ văn:,4.75,Ngoại ngữ:,4.10,Vật lý:,6.60,Hóa học:,6.20
BKA, 12253,Toán:,6.50,Ngữ văn:,3.50,Ngoại ngữ:,3.00,Vật lý:,7.20,Hóa học:,5.60
BKA, 6233,Toán:,1.75,Ngữ văn:,4.50,Ngoại ngữ:,1.95,Vật lý:,5.20
BKA, 692,Toán:,5.00,Ngữ văn:,3.25,Ngoại ngữ:,2.13,Vật lý:,2.80,Hóa học:,4.60,Địa lý:,5.00
BKA, 693,Toán:,6.50,Ngữ văn:,6.50,Ngoại ngữ:,5.45,Vật lý:,3.60
BKA, 694,Toán:,7.50,Ngữ văn:,6.25,Ngoại ngữ:,2.00,Vật lý:,8.40,Hóa học:,7.80
BKA, 695,Toán:,5.00,Ngữ văn:,3.75,Ngoại ngữ:,4.00,Hóa học:,3.40
BKA, 696,Toán:,6.00,Ngữ văn:,6.75,Ngoại ngữ:,6.23,Hóa học:,6.40
BKA, 1565,Toán:,6.25,Ngữ văn:,8.00,Ngoại ngữ:,7.88,Địa lý:,5.50
BKA, 1566,Toán:,5.75,Ngữ văn:,7.25,Ngoại ngữ:,6.38,Địa lý:,5.50
BKA, 1567,Toán:,6.00,Ngữ văn:,6.50,Ngoại ngữ:,5.58
BKA, 2187,Toán:,5.25,Ngữ văn:,5.50,Ngoại ngữ:,6.28,Địa lý:,4.00
BKA, 4243,Toán:,6.25,Ngữ văn:,7.50,Ngoại ngữ:,4.85,Vật lý:,5.80
BKA, 4288,Toán:,7.25,Ngữ văn:,7.25,Ngoại ngữ:,7.40,Hóa học:,5.80
BKA, 5805,Toán:,4.75,Ngữ văn:,4.50,Ngoại ngữ:,3.25,Sinh học:,4.60
BKA, 7028,Toán:,6.25,Ngữ văn:,8.25,Ngoại ngữ:,3.30,Vật lý:,5.60,Hóa học:,5.60
BKA, 7029,Toán:,8.00,Ngữ văn:,7.75,Ngoại ngữ:,8.95,Địa lý:,5.00
BKA, 7596,Toán:,4.00,Ngữ văn:,4.00,Ngoại ngữ:,2.25,Hóa học:,3.60,Sinh học:,2.40
BKA, 7597,Toán:,9.25,Ngữ văn:,4.50,Ngoại ngữ:,5.50,Vật lý:,8.00
BKA, 7598,Toán:,5.75,Ngữ văn:,6.50,Ngoại ngữ:,4.40,Hóa học:,5.60
BKA, 7599,Toán:,4.50,Ngữ văn:,2.75,Ngoại ngữ:,2.38,Vật lý:,5.60,Hóa học:,4.80
BKA, 10301,Toán:,2.25,Ngữ văn:,5.00,Ngoại ngữ:,2.25,Địa lý:,4.00
BKA, 1684,Toán:,4.50,Ngữ văn:,4.00,Ngoại ngữ:,2.00,Vật lý:,4.80,Hóa học:,3.80
BKA, 1750,Ngữ văn:,2.75,Lịch sử:,2.00,Địa lý:,3.00
BKA, 1806,Ngữ văn:,5.75,Lịch sử:,5.75,Địa lý:,8.50
BKA, 2350,Toán:,6.00,Ngữ văn:,4.00,Ngoại ngữ:,3.05,Địa lý:,4.00
BKA, 9749,Toán:,5.75,Ngữ văn:,3.50,Ngoại ngữ:,2.75,Vật lý:,6.20,Hóa học:,6.80,Sinh học:,4.40
BKA, 10519,Toán:,6.00,Ngữ văn:,3.50,Ngoại ngữ:,2.88,Vật lý:,6.80,Hóa học:,7.20
BKA, 9840,Toán:,9.00,Ngữ văn:,3.00,Ngoại ngữ:,3.73,Vật lý:,7.60,Hóa học:,7.40,Sinh học:,7.40
BKA, 9841,Toán:,6.50,Ngoại ngữ:,5.45,Vật lý:,6.20
BKA, 9842,Toán:,4.00,Ngữ văn:,3.50,Ngoại ngữ:,2.13,Địa lý:,3.00,Sinh học:,2.40
BKA, 9843,Toán:,3.25,Ngữ văn:,2.75,Ngoại ngữ:,2.88,Vật lý:,3.80
BKA, 9844,Ngữ văn:,6.50,Lịch sử:,8.00,Địa lý:,9.00
BKA, 9845,Ngữ văn:,4.50,Lịch sử:,7.00,Địa lý:,5.50
BKA, 9846,Toán:,4.75,Vật lý:,5.60,Hóa học:,5.40
BKA, 10244,Toán:,4.50,Ngữ văn:,4.75,Ngoại ngữ:,2.25,Vật lý:,4.20,Hóa học:,5.00
BKA, 10245,Toán:,6.25,Ngữ văn:,5.50,Ngoại ngữ:,3.75,Vật lý:,6.20
BKA, 7290,Toán:,6.50,Vật lý:,5.80,Hóa học:,6.20
BKA, 2083,Toán:,6.25,Ngữ văn:,4.00,Ngoại ngữ:,3.25,Địa lý:,5.00
BKA, 2084,Toán:,6.25,Ngữ văn:,3.00,Ngoại ngữ:,2.88,Vật lý:,7.20,Hóa học:,5.80
BKA, 6960,Toán:,4.00,Ngữ văn:,5.75,Ngoại ngữ:,3.48,Địa lý:,6.50
BKA, 6961,Toán:,6.75,Ngữ văn:,7.25,Ngoại ngữ:,4.68,Địa lý:,6.50
BKA, 7733,Toán:,7.50,Ngữ văn:,6.00,Ngoại ngữ:,2.83,Vật lý:,7.00
BKA, 4268,Toán:,5.00,Ngữ văn:,5.25,Ngoại ngữ:,3.60,Vật lý:,4.00,Địa lý:,4.50
BKA, 4621,Toán:,6.50,Ngữ văn:,8.00,Ngoại ngữ:,6.83,Địa lý:,6.00
BKA, 984,Toán:,6.50,Ngữ văn:,8.00,Ngoại ngữ:,6.35,Địa lý:,4.50
BKA, 5264,Toán:,1.25,Ngữ văn:,4.25,Ngoại ngữ:,2.95,Lịch sử:,3.50,Địa lý:,6.50
BKA, 6694,Toán:,4.75,Ngữ văn:,1.50,Ngoại ngữ:,2.63,Vật lý:,5.60,Hóa học:,4.80
BKA, 57,Toán:,4.50,Hóa học:,5.40,Sinh học:,4.40
BKA, 986,Toán:,4.00,Ngữ văn:,4.25,Ngoại ngữ:,4.13,Địa lý:,3.00
BKA, 987,Toán:,7.00,Ngữ văn:,6.50,Ngoại ngữ:,6.48,Địa lý:,6.50
BKA, 988,Toán:,5.00,Ngữ văn:,6.00,Ngoại ngữ:,3.80,Địa lý:,5.00
BKA, 989,Toán:,4.25,Ngữ văn:,3.00,Ngoại ngữ:,3.50,Lịch sử:,3.25,Địa lý:,4.00
BKA, 12611,Toán:,4.50,Ngữ văn:,4.50,Ngoại ngữ:,1.73,Hóa học:,4.40
BKA, 1261,Toán:,3.75,Ngữ văn:,6.25,Ngoại ngữ:,3.68
BKA, 4380,Toán:,6.00,Ngữ văn:,7.00,Ngoại ngữ:,1.50,Địa lý:,3.00
BKA, 3624,Toán:,6.00,Ngữ văn:,5.00,Ngoại ngữ:,3.08,Vật lý:,5.20,Địa lý:,4.00
BKA, 3625,Toán:,6.00,Ngữ văn:,4.25,Ngoại ngữ:,2.50,Vật lý:,6.60,Hóa học:,5.20
BKA, 1211,Toán:,4.75,Ngữ văn:,8.00,Ngoại ngữ:,4.08,Vật lý:,5.20,Địa lý:,3.50
BKA, 1212,Toán:,4.25,Ngữ văn:,6.00,Ngoại ngữ:,2.60,Địa lý:,6.00
BKA, 4558,Toán:,4.00,Ngữ văn:,5.50,Ngoại ngữ:,3.70,Địa lý:,2.50
BKA, 8570,Toán:,6.25,Ngữ văn:,7.00,Ngoại ngữ:,2.85,Địa lý:,5.00
BKA, 9948,Toán:,6.50,Ngữ văn:,5.50,Ngoại ngữ:,3.00,Vật lý:,7.60,Hóa học:,5.40
BKA, 9949,Toán:,4.00,Ngữ văn:,6.50,Ngoại ngữ:,2.98,Địa lý:,6.00
BKA, 12173,Toán:,6.00,Ngữ văn:,8.00,Ngoại ngữ:,3.40,Địa lý:,5.00
BKA, 2903,Toán:,5.00,Ngữ văn:,3.00,Ngoại ngữ:,7.13,Địa lý:,4.25
BKA, 8292,Toán:,6.25,Ngữ văn:,6.25,Ngoại ngữ:,3.35,Địa lý:,5.00
BKA, 8683,Toán:,5.00,Ngữ văn:,6.75,Ngoại ngữ:,2.38,Địa lý:,5.50
BKA, 1195,Toán:,5.75,Ngữ văn:,3.75,Ngoại ngữ:,7.55,Vật lý:,6.60
BKA, 282,Toán:,4.50,Ngữ văn:,6.00,Ngoại ngữ:,3.53,Hóa học:,4.40,Sinh học:,5.80
BKA, 5317,Toán:,4.25,Ngữ văn:,4.00,Ngoại ngữ:,3.08,Vật lý:,4.20,Hóa học:,5.40,Sinh học:,5.40
BKA, 10685,Toán:,4.00,Ngữ văn:,3.50,Ngoại ngữ:,2.35,Địa lý:,5.00
BKA, 332,Toán:,8.25,Ngữ văn:,8.00,Ngoại ngữ:,7.15,Địa lý:,4.50
BKA, 6160,Toán:,5.50,Ngữ văn:,6.00,Ngoại ngữ:,7.00,Vật lý:,6.20,Địa lý:,7.50
BKA, 4336,Toán:,5.25,Ngữ văn:,5.00,Ngoại ngữ:,4.18,Địa lý:,4.00
BKA, 9952,Toán:,2.75,Ngữ văn:,6.00,Ngoại ngữ:,2.25,Lịch sử:,6.00,Địa lý:,5.50
BKA, 10186,Toán:,4.00,Ngữ văn:,5.25,Ngoại ngữ:,2.85,Địa lý:,6.00
BKA, 10233,Toán:,5.50,Ngữ văn:,3.00,Ngoại ngữ:,8.80,Vật lý:,6.40
BKA, 10234,Toán:,2.75,Ngữ văn:,4.50,Ngoại ngữ:,2.25,Địa lý:,4.50
BKA, 11553,Toán:,5.00,Ngữ văn:,3.00,Ngoại ngữ:,1.88,Vật lý:,6.40,Hóa học:,4.40
BKA, 12101,Toán:,5.75,Ngữ văn:,3.50,Ngoại ngữ:,2.13,Vật lý:,6.60,Hóa học:,4.60
BKA, 2132,Toán:,8.75,Vật lý:,8.80,Hóa học:,6.60
BKA, 2175,Toán:,6.50,Ngữ văn:,6.25,Ngoại ngữ:,3.25,Địa lý:,5.50
BKA, 2176,Toán:,6.25,Ngữ văn:,5.00,Ngoại ngữ:,4.48,Vật lý:,7.20,Hóa học:,5.80,Sinh học:,6.60
BKA, 2177,Toán:,4.75,Ngữ văn:,5.00,Ngoại ngữ:,3.33,Vật lý:,6.20,Hóa học:,5.20
BKA, 2178,Toán:,8.50,Ngữ văn:,4.00,Ngoại ngữ:,3.38,Vật lý:,7.60,Hóa học:,6.20
BKA, 2179,Toán:,7.00,Ngữ văn:,4.50,Ngoại ngữ:,3.35,Vật lý:,4.60
BKA, 2180,Toán:,7.25,Ngữ văn:,3.75,Ngoại ngữ:,2.25,Vật lý:,7.20,Hóa học:,6.80
BKA, 7586,Toán:,6.00,Ngữ văn:,4.25,Ngoại ngữ:,6.58,Địa lý:,4.00
BKA, 7587,Toán:,4.75,Ngữ văn:,4.25,Ngoại ngữ:,7.50,Địa lý:,3.00
BKA, 2772,Toán:,5.00,Ngữ văn:,5.25,Ngoại ngữ:,4.00,Địa lý:,4.00
BKA, 2773,Toán:,7.00,Ngữ văn:,5.75,Ngoại ngữ:,5.40,Vật lý:,7.60
BKA, 4041,Ngữ văn:,4.00,Lịch sử:,5.00,Địa lý:,4.50
BKA, 4042,Toán:,5.25,Ngữ văn:,5.50,Ngoại ngữ:,2.88,Vật lý:,5.20,Hóa học:,6.80,Lịch sử:,4.50,Địa lý:,5.00
BKA, 2651,Toán:,6.25,Ngữ văn:,3.00,Ngoại ngữ:,3.13,Vật lý:,6.40,Hóa học:,4.60
BKA, 714,Toán:,6.50,Ngữ văn:,6.00,Ngoại ngữ:,3.38,Vật lý:,5.80,Hóa học:,5.60
BKA, 715,Toán:,5.75,Ngữ văn:,7.00,Ngoại ngữ:,3.38,Địa lý:,5.00
BKA, 716,Toán:,7.75,Ngữ văn:,7.00,Ngoại ngữ:,8.98,Địa lý:,5.00
BKA, 717,Toán:,6.50,Ngữ văn:,5.50,Ngoại ngữ:,1.88,Hóa học:,5.20,Sinh học:,6.20
BKA, 718,Toán:,7.00,Ngữ văn:,7.00,Ngoại ngữ:,8.10,Địa lý:,3.50
BKA, 719,Toán:,6.50,Ngữ văn:,7.00,Ngoại ngữ:,3.43,Địa lý:,3.00
BKA, 720,Toán:,7.00,Ngữ văn:,8.00,Ngoại ngữ:,5.05,Vật lý:,5.40
BKA, 721,Toán:,2.75,Ngoại ngữ:,2.35,Vật lý:,5.00,Hóa học:,5.00
BKA, 722,Toán:,6.75,Vật lý:,3.80,Hóa học:,6.40,Sinh học:,7.00
BKA, 723,Toán:,4.50,Ngữ văn:,6.50,Ngoại ngữ:,6.23,Địa lý:,3.50
BKA, 724,Toán:,6.25,Ngữ văn:,5.00,Ngoại ngữ:,2.63,Vật lý:,5.40,Hóa học:,4.60
BKA, 725,Toán:,8.75,Ngữ văn:,6.50,Ngoại ngữ:,8.80,Vật lý:,8.20
BKA, 726,Toán:,3.00,Ngữ văn:,6.00,Ngoại ngữ:,4.00,Địa lý:,5.00
BKA, 727,Toán:,6.25,Ngữ văn:,7.50,Ngoại ngữ:,3.43,Vật lý:,4.60
BKA, 728,Toán:,6.50,Ngữ văn:,7.75,Ngoại ngữ:,6.53,Vật lý:,6.60
BKA, 1568,Toán:,7.75,Ngữ văn:,7.50,Ngoại ngữ:,8.18,Vật lý:,5.40
BKA, 1569,Toán:,5.50,Ngữ văn:,6.50,Ngoại ngữ:,5.25,Địa lý:,3.50
BKA, 8350,Toán:,6.00,Ngữ văn:,7.50,Ngoại ngữ:,2.38,Vật lý:,6.20,Hóa học:,3.40
BKA, 8351,Toán:,2.00,Ngữ văn:,4.75,Ngoại ngữ:,1.88,Địa lý:,3.00
BKA, 8352,Toán:,2.50,Ngữ văn:,5.00,Ngoại ngữ:,1.75,Sinh học:,4.80
BKA, 8353,Toán:,4.75,Ngữ văn:,5.50,Ngoại ngữ:,2.50,Vật lý:,5.60
BKA, 8252,Toán:,4.75,Ngữ văn:,6.50,Ngoại ngữ:,5.18
BKA, 9187,Toán:,7.75,Ngữ văn:,4.50,Ngoại ngữ:,2.63,Hóa học:,6.60,Sinh học:,5.80
BKA, 9188,Toán:,3.50,Ngữ văn:,5.00,Ngoại ngữ:,2.63,Địa lý:,5.00
BKA, 9302,Toán:,5.25,Ngữ văn:,6.25,Ngoại ngữ:,2.73,Địa lý:,6.00
BKA, 9303,Toán:,7.50,Ngữ văn:,5.00,Ngoại ngữ:,2.88,Vật lý:,5.60,Hóa học:,8.20,Sinh học:,8.00
BKA, 9304,Toán:,5.00,Ngữ văn:,6.25,Ngoại ngữ:,3.75,Địa lý:,7.00
BKA, 9305,Toán:,7.00,Ngữ văn:,7.75,Ngoại ngữ:,5.85,Lịch sử:,7.75,Địa lý:,9.50
BKA, 9306,Toán:,1.50,Ngữ văn:,6.25,Ngoại ngữ:,1.50,Lịch sử:,6.00,Địa lý:,7.00
BKA, 9743,Toán:,5.00,Ngữ văn:,5.00,Ngoại ngữ:,4.35,Địa lý:,3.50
BKA, 9744,Toán:,3.50,Ngữ văn:,6.00,Ngoại ngữ:,4.75,Lịch sử:,6.75,Địa lý:,5.50
BKA, 9745,Toán:,6.75,Ngữ văn:,6.25,Ngoại ngữ:,3.15,Vật lý:,6.80
BKA, 10402,Toán:,6.00,Ngữ văn:,5.00,Ngoại ngữ:,2.35,Vật lý:,6.40,Hóa học:,5.40,Sinh học:,3.20
BKA, 10500,Toán:,5.75,Ngữ văn:,5.00,Ngoại ngữ:,2.00,Hóa học:,6.00,Sinh học:,5.40
BKA, 10517,Toán:,4.50,Ngữ văn:,4.00,Ngoại ngữ:,2.75,Hóa học:,5.20,Sinh học:,4.20
BKA, 10220,Toán:,6.25,Vật lý:,7.40,Hóa học:,6.40
BKA, 10221,Toán:,7.50,Ngữ văn:,4.00,Ngoại ngữ:,2.00,Vật lý:,8.00,Hóa học:,6.80
BKA, 10222,Toán:,4.25,Ngữ văn:,4.00,Ngoại ngữ:,4.13,Vật lý:,6.00,Hóa học:,4.20
BKA, 10223,Toán:,3.25,Ngữ văn:,4.50,Ngoại ngữ:,1.75,Hóa học:,3.80,Sinh học:,2.00
BKA, 10224,Toán:,9.25,Ngoại ngữ:,5.90,Vật lý:,9.20
BKA, 10225,Toán:,6.25,Ngữ văn:,6.50,Ngoại ngữ:,3.78,Vật lý:,7.40,Hóa học:,6.20
BKA, 10226,Toán:,5.25,Ngữ văn:,2.75,Ngoại ngữ:,1.88,Vật lý:,6.00,Hóa học:,4.80
BKA, 10227,Toán:,7.50,Ngữ văn:,4.00,Ngoại ngữ:,3.33,Vật lý:,7.80,Hóa học:,6.40
BKA, 10228,Toán:,4.75,Ngữ văn:,2.50,Ngoại ngữ:,2.88,Vật lý:,4.60,Hóa học:,4.20,Sinh học:,3.80
BKA, 10229,Toán:,9.00,Vật lý:,9.00,Hóa học:,5.80
BKA, 10230,Toán:,6.75,Ngữ văn:,6.00,Ngoại ngữ:,6.00,Vật lý:,3.00
BKA, 10358,Toán:,2.25,Ngữ văn:,5.00,Ngoại ngữ:,2.75,Vật lý:,2.20
BKA, 10359,Toán:,7.25,Ngữ văn:,6.25,Ngoại ngữ:,6.38,Vật lý:,7.40
BKA, 10360,Toán:,5.25,Ngữ văn:,4.50,Ngoại ngữ:,2.75,Địa lý:,4.00
BKA, 10361,Toán:,7.50,Ngữ văn:,6.50,Ngoại ngữ:,4.65,Vật lý:,7.00,Hóa học:,5.80
BKA, 10362,Toán:,5.25,Ngữ văn:,5.50,Ngoại ngữ:,2.13,Vật lý:,5.40,Hóa học:,3.80
BKA, 11583,Toán:,5.50,Ngữ văn:,6.00,Ngoại ngữ:,2.63,Vật lý:,4.80
BKA, 11584,Toán:,4.00,Ngữ văn:,4.75,Ngoại ngữ:,5.73,Địa lý:,5.00
BKA, 5984,Toán:,4.75,Ngữ văn:,3.00,Ngoại ngữ:,2.00,Vật lý:,2.60,Hóa học:,3.00,Sinh học:,4.40
BKA, 8068,Toán:,5.00,Ngữ văn:,8.00,Ngoại ngữ:,3.03,Địa lý:,4.50
BKA, 10161,Toán:,6.00,Ngữ văn:,6.50,Ngoại ngữ:,4.90,Hóa học:,6.80
BKA, 3473,Toán:,3.75,Ngữ văn:,6.00,Ngoại ngữ:,2.73,Lịch sử:,6.25,Địa lý:,6.00
BKA, 7345,Toán:,7.00,Ngữ văn:,6.00,Ngoại ngữ:,4.98,Vật lý:,6.60
BKA, 8069,Toán:,6.00,Ngữ văn:,6.00,Ngoại ngữ:,3.85
BKA, 4330,Toán:,6.00,Ngữ văn:,5.00,Ngoại ngữ:,2.50,Vật lý:,3.20,Hóa học:,5.00,Sinh học:,6.80
BKA, 1691,Toán:,7.00,Ngữ văn:,7.25,Ngoại ngữ:,5.95,Vật lý:,7.00,Địa lý:,5.00
BKA, 11474,Toán:,5.75,Ngữ văn:,5.00,Ngoại ngữ:,3.23,Vật lý:,6.40,Hóa học:,5.60
BKA, 5430,Toán:,7.75,Ngữ văn:,6.25,Ngoại ngữ:,3.50,Hóa học:,6.40,Sinh học:,8.20
BKA, 1997,Toán:,2.50,Ngữ văn:,3.25,Ngoại ngữ:,2.13,Vật lý:,4.40,Hóa học:,2.20,Địa lý:,4.50
BKA, 1373,Toán:,5.75,Ngữ văn:,6.00,Ngoại ngữ:,2.25,Vật lý:,6.20,Hóa học:,5.60
BKA, 1901,Toán:,3.75,Ngữ văn:,5.75,Ngoại ngữ:,2.23,Địa lý:,4.00
BKA, 6651,Toán:,4.25,Ngoại ngữ:,3.38,Vật lý:,5.20,Hóa học:,5.00
BKA, 5985,Toán:,6.25,Ngữ văn:,5.00,Ngoại ngữ:,6.93,Vật lý:,6.80,Hóa học:,4.80,Sinh học:,5.40
BKA, 9351,Toán:,7.50,Ngữ văn:,8.00,Ngoại ngữ:,7.68,Vật lý:,8.40
BKA, 9352,Toán:,7.00,Ngữ văn:,7.00,Ngoại ngữ:,4.95,Địa lý:,5.00
BKA, 12313,Toán:,7.00,Ngữ văn:,7.50,Ngoại ngữ:,6.15,Vật lý:,6.40
BKA, 8983,Toán:,7.00,Ngữ văn:,5.00,Ngoại ngữ:,5.73,Vật lý:,5.60
BKA, 450,Toán:,6.75,Ngữ văn:,7.25,Ngoại ngữ:,7.35,Vật lý:,6.20
BKA, 8706,Toán:,5.50,Ngữ văn:,6.00,Ngoại ngữ:,2.88,Địa lý:,4.50
BKA, 2305,Toán:,5.50,Ngữ văn:,6.50,Ngoại ngữ:,5.78,Vật lý:,6.00
BKA, 6920,Toán:,3.75,Ngữ văn:,7.50,Ngoại ngữ:,2.25,Vật lý:,2.80,Hóa học:,4.20
BKA, 2681,Toán:,5.00,Ngữ văn:,4.50,Ngoại ngữ:,1.88,Vật lý:,8.00,Địa lý:,2.50
BKA, 474,Toán:,3.75,Ngữ văn:,4.25,Ngoại ngữ:,2.60,Vật lý:,4.40,Địa lý:,4.00
BKA, 8713,Toán:,6.00,Ngữ văn:,5.75,Ngoại ngữ:,2.00,Vật lý:,5.20
BKA, 10513,Toán:,3.25,Ngữ văn:,5.00,Ngoại ngữ:,2.65,Vật lý:,3.60,Địa lý:,5.50
BKA, 7399,Toán:,6.50,Ngữ văn:,6.00,Ngoại ngữ:,4.60,Vật lý:,6.60,Hóa học:,6.00
BKA, 8715,Toán:,5.00,Ngữ văn:,5.50,Ngoại ngữ:,2.88,Địa lý:,4.50
BKA, 11663,Toán:,5.00,Ngữ văn:,3.50,Ngoại ngữ:,4.48,Địa lý:,4.50
BKA, 11753,Toán:,7.50,Ngữ văn:,4.50,Ngoại ngữ:,1.25,Hóa học:,6.80,Sinh học:,6.80
BKA, 1624,Toán:,4.50,Ngữ văn:,5.00,Ngoại ngữ:,2.60,Vật lý:,6.60
BKA, 5591,Toán:,5.00,Ngữ văn:,5.50,Ngoại ngữ:,2.73,Lịch sử:,6.00,Địa lý:,6.50
BKA, 9206,Toán:,2.25,Ngữ văn:,1.75,Ngoại ngữ:,2.75,Hóa học:,3.00,Sinh học:,3.80
BKA, 10313,Toán:,5.50,Ngữ văn:,5.75,Ngoại ngữ:,3.85,Vật lý:,6.80
BKA, 9821,Toán:,4.00,Ngữ văn:,5.00,Ngoại ngữ:,2.50,Vật lý:,4.20
BKA, 7601,Toán:,2.00,Ngữ văn:,2.00,Ngoại ngữ:,2.00,Địa lý:,3.50
BKA, 7602,Toán:,5.75,Ngữ văn:,7.00,Ngoại ngữ:,8.05,Địa lý:,4.50
BKA, 7603,Toán:,5.00,Vật lý:,5.40,Hóa học:,5.80
BKA, 7703,Toán:,4.75,Ngữ văn:,5.75,Ngoại ngữ:,3.33,Địa lý:,4.00
BKA, 8231,Toán:,5.50,Ngữ văn:,5.75,Ngoại ngữ:,6.70,Địa lý:,5.00
BKA, 8232,Toán:,5.75,Ngữ văn:,7.25,Ngoại ngữ:,6.20,Địa lý:,4.50
BKA, 11015,Toán:,2.00,Ngữ văn:,3.75,Ngoại ngữ:,3.13,Lịch sử:,3.50,Địa lý:,3.50
BKA, 1862,Toán:,6.75,Ngữ văn:,2.50,Ngoại ngữ:,1.88,Vật lý:,5.60,Hóa học:,5.60
BKA, 4075,Toán:,4.00,Ngữ văn:,4.75,Ngoại ngữ:,2.25,Địa lý:,4.00
BKA, 4076,Toán:,6.75,Ngữ văn:,3.00,Ngoại ngữ:,2.00,Vật lý:,6.80,Hóa học:,6.80
BKA, 3854,Toán:,3.75,Ngữ văn:,5.00,Ngoại ngữ:,3.13,Địa lý:,5.00
BKA, 3895,Toán:,6.25,Ngữ văn:,5.00,Ngoại ngữ:,5.08,Vật lý:,5.80,Hóa học:,6.20
BKA, 3897,Toán:,3.50,Sinh học:,3.40
BKA, 3898,Toán:,6.25,Ngữ văn:,6.00,Ngoại ngữ:,7.28,Địa lý:,5.00
BKA, 5233,Toán:,2.50,Ngữ văn:,1.00,Ngoại ngữ:,2.00
BKA, 5512,Toán:,5.50,Ngữ văn:,2.75,Ngoại ngữ:,6.33,Vật lý:,4.60
BKA, 5623,Toán:,1.00,Ngữ văn:,3.00,Ngoại ngữ:,2.25,Địa lý:,4.00
BKA, 6358,Toán:,4.50,Ngữ văn:,6.00,Ngoại ngữ:,3.45,Hóa học:,7.20,Sinh học:,5.00
BKA, 4084,Toán:,7.50,Ngữ văn:,5.75,Ngoại ngữ:,2.50,Vật lý:,8.40
BKA, 4085,Toán:,4.50,Ngữ văn:,4.50,Ngoại ngữ:,3.25,Vật lý:,5.20,Địa lý:,3.50
BKA, 4086,Toán:,7.75,Ngữ văn:,4.00,Ngoại ngữ:,2.63,Vật lý:,7.60,Hóa học:,5.60
BKA, 4087,Toán:,5.50,Ngữ văn:,3.50,Ngoại ngữ:,3.38,Vật lý:,5.60,Hóa học:,6.20
BKA, 4088,Toán:,7.25,Ngữ văn:,4.00,Ngoại ngữ:,4.18,Vật lý:,6.80,Hóa học:,6.00
BKA, 4089,Ngữ văn:,1.50,Lịch sử:,3.00,Địa lý:,4.50
BKA, 4090,Toán:,7.25,Ngữ văn:,3.00,Ngoại ngữ:,2.25,Vật lý:,6.60,Hóa học:,5.00
BKA, 4091,Toán:,4.00,Ngữ văn:,4.25,Ngoại ngữ:,2.13,Địa lý:,6.00
BKA, 4092,Toán:,7.25,Ngữ văn:,3.00,Ngoại ngữ:,2.50,Vật lý:,6.60,Hóa học:,4.60
BKA, 4093,Toán:,7.00,Ngữ văn:,5.00,Ngoại ngữ:,2.00,Vật lý:,5.40,Hóa học:,5.60
BKA, 4094,Toán:,7.00,Ngữ văn:,5.00,Ngoại ngữ:,2.88,Vật lý:,6.00,Hóa học:,4.20
BKA, 4095,Toán:,5.25,Ngữ văn:,3.00,Ngoại ngữ:,2.35,Vật lý:,5.80,Hóa học:,4.60
BKA, 4096,Toán:,6.50,Ngữ văn:,6.00,Ngoại ngữ:,2.90,Vật lý:,7.40,Hóa học:,6.20
BKA, 4097,Toán:,4.50,Ngữ văn:,4.50,Ngoại ngữ:,3.13,Địa lý:,4.00
BKA, 4098,Toán:,7.50,Ngữ văn:,3.25,Ngoại ngữ:,4.43,Vật lý:,6.60,Hóa học:,6.80
BKA, 4099,Toán:,6.25,Ngữ văn:,4.25,Ngoại ngữ:,2.25,Vật lý:,5.20,Hóa học:,5.00
BKA, 4100,Toán:,7.25,Ngữ văn:,4.50,Ngoại ngữ:,4.48,Vật lý:,7.40,Hóa học:,6.80
BKA, 4101,Toán:,7.25,Ngữ văn:,4.25,Ngoại ngữ:,3.00,Vật lý:,7.00,Hóa học:,7.20
BKA, 3922,Toán:,2.50,Ngữ văn:,4.00,Ngoại ngữ:,4.95,Địa lý:,4.00
BKA, 4579,Toán:,5.00,Ngữ văn:,7.50,Ngoại ngữ:,4.48,Vật lý:,4.80
BKA, 10106,Toán:,7.50,Ngữ văn:,5.00,Ngoại ngữ:,3.75,Vật lý:,6.60,Hóa học:,5.00
BKA, 10107,Toán:,5.50,Ngữ văn:,5.00,Ngoại ngữ:,2.95,Vật lý:,4.60
BKA, 10108,Toán:,6.75,Ngữ văn:,6.50,Ngoại ngữ:,3.25,Vật lý:,6.40,Hóa học:,5.60
BKA, 10642,Toán:,6.50,Ngữ văn:,6.00,Ngoại ngữ:,3.80,Vật lý:,5.40
BKA, 10643,Toán:,4.75,Ngữ văn:,4.50,Ngoại ngữ:,2.38,Địa lý:,3.50
BKA, 10644,Toán:,6.75,Ngữ văn:,6.75,Ngoại ngữ:,1.88,Vật lý:,7.00,Hóa học:,7.00
BKA, 12205,Toán:,8.50,Hóa học:,8.60,Sinh học:,7.80
BKA, 12517,Toán:,6.00,Ngữ văn:,7.00,Ngoại ngữ:,2.00,Vật lý:,5.60,Hóa học:,5.00,Sinh học:,3.80
BKA, 1584,Toán:,3.75,Ngữ văn:,4.50,Ngoại ngữ:,4.65,Vật lý:,4.80
BKA, 9760,Toán:,5.50,Ngữ văn:,4.75,Ngoại ngữ:,6.30,Vật lý:,3.40,Địa lý:,3.00
BKA, 2982,Ngữ văn:,2.50,Lịch sử:,5.50,Địa lý:,5.50
BKA, 9870,Toán:,4.75,Ngữ văn:,5.50,Ngoại ngữ:,5.88,Địa lý:,3.50
BKA, 6542,Toán:,6.25,Hóa học:,6.40,Sinh học:,5.20
BKA, 8186,Toán:,4.50,Ngữ văn:,4.25,Ngoại ngữ:,4.63,Địa lý:,4.50
BKA, 9764,Toán:,7.00,Ngữ văn:,6.00,Ngoại ngữ:,3.38,Vật lý:,7.20,Hóa học:,5.80
BKA, 6610,Toán:,4.25,Ngữ văn:,4.00,Ngoại ngữ:,6.00,Vật lý:,6.20
BKA, 6611,Toán:,7.50,Ngữ văn:,7.00,Ngoại ngữ:,9.50,Địa lý:,6.50
BKA, 9954,Toán:,6.00,Ngữ văn:,6.50,Ngoại ngữ:,2.63,Vật lý:,4.80,Hóa học:,4.80
BKA, 1357,Toán:,5.75,Ngữ văn:,6.75,Ngoại ngữ:,2.13,Lịch sử:,5.00,Địa lý:,8.50
BKA, 2909,Toán:,4.75,Ngữ văn:,6.50,Ngoại ngữ:,3.98,Vật lý:,6.20
BKA, 9148,Toán:,8.00,Ngữ văn:,2.75,Ngoại ngữ:,4.63,Vật lý:,7.40,Hóa học:,5.20
BKA, 1537,Toán:,6.25,Ngữ văn:,8.00,Ngoại ngữ:,4.73,Địa lý:,6.00
BKA, 3096,Toán:,6.75,Ngữ văn:,5.50,Ngoại ngữ:,2.75,Vật lý:,6.60,Hóa học:,5.60
BKA, 1677,Toán:,5.50,Ngữ văn:,5.25,Ngoại ngữ:,2.63,Địa lý:,2.50
BKA, 8572,Toán:,7.00,Ngữ văn:,6.25,Ngoại ngữ:,4.90,Vật lý:,5.40
BKA, 11999,Toán:,4.50,Ngữ văn:,4.50,Ngoại ngữ:,2.75,Địa lý:,4.00
BKA, 10806,Toán:,4.50,Ngữ văn:,4.50,Lịch sử:,2.75,Địa lý:,5.50
BKA, 11178,Toán:,6.75,Ngữ văn:,6.00,Ngoại ngữ:,3.58,Vật lý:,6.80,Hóa học:,4.60
BKA, 2231,Toán:,4.50,Ngữ văn:,6.25,Ngoại ngữ:,4.13,Địa lý:,5.00
BKA, 2870,Toán:,3.50,Ngữ văn:,8.75,Ngoại ngữ:,3.10
BKA, 2911,Toán:,7.25,Ngữ văn:,6.25,Ngoại ngữ:,4.55,Hóa học:,6.60,Sinh học:,6.60
BKA, 11179,Toán:,2.25,Ngữ văn:,5.25,Ngoại ngữ:,2.45,Địa lý:,4.00
BKA, 5000,Toán:,6.75,Ngữ văn:,4.25,Ngoại ngữ:,2.25,Vật lý:,8.00,Hóa học:,7.40
BKA, 8109,Toán:,6.00,Ngữ văn:,6.50,Ngoại ngữ:,2.00,Địa lý:,4.00
BKA, 10807,Toán:,6.50,Ngữ văn:,7.25,Ngoại ngữ:,6.13
BKA, 4043,Toán:,7.50,Ngữ văn:,5.00,Ngoại ngữ:,6.20,Vật lý:,8.00,Hóa học:,7.60
BKA, 8420,Toán:,5.25,Ngữ văn:,6.50,Ngoại ngữ:,3.25,Lịch sử:,5.00,Địa lý:,6.00
BKA, 10984,Toán:,7.00,Ngữ văn:,4.25,Ngoại ngữ:,2.50,Vật lý:,4.80,Hóa học:,4.80
BKA, 11898,Toán:,6.00,Ngữ văn:,3.50,Ngoại ngữ:,4.78,Vật lý:,6.00,Hóa học:,4.80
BKA, 12124,Toán:,5.25,Ngữ văn:,4.75,Ngoại ngữ:,2.88,Hóa học:,4.60,Địa lý:,5.00,Sinh học:,4.20
BKA, 6326,Toán:,5.50,Ngữ văn:,6.00,Ngoại ngữ:,2.68,Lịch sử:,5.75,Địa lý:,6.00
BKA, 5347,Toán:,5.25,Ngữ văn:,5.25,Ngoại ngữ:,2.75,Vật lý:,3.60,Hóa học:,5.00
BKA, 5348,Toán:,3.75,Ngữ văn:,5.50,Ngoại ngữ:,3.35,Địa lý:,6.00
BKA, 5349,Toán:,7.00,Ngữ văn:,5.25,Ngoại ngữ:,3.63,Vật lý:,7.60,Hóa học:,5.00
BKA, 5350,Toán:,6.50,Ngữ văn:,5.00,Ngoại ngữ:,2.48,Vật lý:,7.40,Hóa học:,6.20
BKA, 8177,Toán:,5.50,Ngữ văn:,3.00,Ngoại ngữ:,1.75,Vật lý:,5.40,Hóa học:,5.40,Sinh học:,2.60
BKA, 8738,Toán:,6.25,Hóa học:,6.40,Sinh học:,7.00
BKA, 9492,Toán:,4.25,Ngữ văn:,4.00,Ngoại ngữ:,3.23,Địa lý:,5.50
BKA, 5353,Toán:,6.50,Ngữ văn:,7.00,Ngoại ngữ:,6.50,Địa lý:,4.00
BKA, 5354,Toán:,7.00,Ngữ văn:,7.50,Ngoại ngữ:,5.53,Hóa học:,3.80
BKA, 5355,Toán:,5.50,Ngữ văn:,5.00,Ngoại ngữ:,2.45,Hóa học:,3.00,Sinh học:,3.80
BKA, 1481,Toán:,4.50,Ngữ văn:,6.25,Ngoại ngữ:,4.50,Lịch sử:,8.00
BKA, 1482,Toán:,6.25,Ngữ văn:,6.00,Ngoại ngữ:,8.68,Địa lý:,4.00
BKA, 7030,Toán:,6.75,Ngữ văn:,7.50,Ngoại ngữ:,7.68,Địa lý:,5.00
BKA, 7031,Toán:,6.25,Ngữ văn:,4.00,Ngoại ngữ:,3.48,Vật lý:,7.40,Hóa học:,5.60,Sinh học:,6.60
BKA, 7704,Toán:,7.50,Ngữ văn:,7.00,Ngoại ngữ:,3.83,Vật lý:,7.40,Hóa học:,8.20
BKA, 7705,Toán:,6.00,Ngữ văn:,7.50,Ngoại ngữ:,5.85,Địa lý:,6.00
BKA, 7706,Toán:,6.00,Ngữ văn:,7.25,Ngoại ngữ:,7.48,Địa lý:,4.00
BKA, 10971,Toán:,7.50,Ngữ văn:,7.75,Ngoại ngữ:,7.13,Hóa học:,6.40
BKA, 10243,Toán:,3.75,Ngữ văn:,5.00,Ngoại ngữ:,3.88,Vật lý:,3.40,Địa lý:,5.50
BKA, 11600,Toán:,6.75,Ngữ văn:,7.50,Ngoại ngữ:,6.53,Địa lý:,3.50
BKA, 12150,Toán:,7.50,Vật lý:,6.00,Hóa học:,6.60
BKA, 1442,Toán:,6.75,Ngữ văn:,6.75,Ngoại ngữ:,2.13,Vật lý:,7.00,Hóa học:,7.00
BKA, 2194,Toán:,6.25,Ngữ văn:,3.75,Ngoại ngữ:,6.73,Vật lý:,7.20
BKA, 4259,Toán:,4.00,Ngữ văn:,6.00,Ngoại ngữ:,1.88,Vật lý:,5.80,Hóa học:,3.40
BKA, 4260,Toán:,6.25,Ngữ văn:,5.00,Ngoại ngữ:,2.13,Vật lý:,5.40,Hóa học:,4.60
BKA, 4261,Toán:,6.50,Ngữ văn:,5.00,Ngoại ngữ:,1.75,Vật lý:,7.20,Hóa học:,5.60
BKA, 4262,Toán:,4.00,Ngữ văn:,4.75,Ngoại ngữ:,2.23,Địa lý:,4.00
BKA, 4263,Toán:,6.00,Ngữ văn:,7.50,Ngoại ngữ:,3.35,Vật lý:,7.40
BKA, 4264,Toán:,5.50,Ngữ văn:,7.50,Ngoại ngữ:,4.23,Địa lý:,5.00
BKA, 4870,Toán:,5.50,Ngữ văn:,2.50,Ngoại ngữ:,2.70,Vật lý:,5.60,Hóa học:,5.20
BKA, 10518,Toán:,5.25,Ngữ văn:,5.25,Ngoại ngữ:,3.48,Vật lý:,6.80,Hóa học:,5.40,Sinh học:,6.20
BKA, 9837,Toán:,4.25,Ngữ văn:,6.25,Ngoại ngữ:,1.75,Vật lý:,6.60,Hóa học:,6.60
BKA, 9838,Toán:,5.75,Ngữ văn:,5.50,Ngoại ngữ:,1.88,Vật lý:,6.20,Hóa học:,5.40,Địa lý:,4.50
BKA, 11329,Toán:,7.00,Ngữ văn:,5.25,Ngoại ngữ:,2.85,Vật lý:,7.40
BKA, 11330,Toán:,6.00,Ngữ văn:,6.50,Ngoại ngữ:,2.25,Hóa học:,6.00,Sinh học:,4.60
BKA, 11331,Toán:,8.25,Ngữ văn:,6.00,Ngoại ngữ:,6.13,Vật lý:,3.80
BKA, 11332,Toán:,5.75,Ngữ văn:,6.00,Ngoại ngữ:,3.10,Địa lý:,4.50
BKA, 11333,Toán:,7.75,Ngữ văn:,4.25,Ngoại ngữ:,3.25,Vật lý:,8.60,Hóa học:,6.40
BKA, 11334,Toán:,8.00,Ngữ văn:,6.50,Ngoại ngữ:,4.88,Vật lý:,6.00
BKA, 11335,Toán:,3.50,Ngữ văn:,5.50,Ngoại ngữ:,2.23,Địa lý:,4.50
BKA, 11336,Toán:,5.75,Ngữ văn:,5.00,Ngoại ngữ:,3.20,Địa lý:,6.00
BKA, 11337,Toán:,5.00,Ngữ văn:,7.50,Ngoại ngữ:,3.95,Địa lý:,4.00
BKA, 11338,Toán:,6.25,Ngữ văn:,4.00,Ngoại ngữ:,3.13,Vật lý:,7.80,Hóa học:,6.20
BKA, 12125,Toán:,6.75,Ngữ văn:,4.50,Ngoại ngữ:,2.38,Vật lý:,7.80,Hóa học:,6.40
BKA, 12143,Toán:,6.75,Ngữ văn:,3.25,Ngoại ngữ:,2.50,Vật lý:,6.20,Hóa học:,4.60
BKA, 12113,Toán:,3.50,Ngữ văn:,4.00,Ngoại ngữ:,2.10,Hóa học:,1.80,Địa lý:,5.50,Sinh học:,2.00
BKA, 12114,Toán:,4.50,Ngữ văn:,2.00,Ngoại ngữ:,2.00,Địa lý:,4.00
BKA, 12529,Toán:,6.00,Ngữ văn:,1.50,Ngoại ngữ:,2.75,Vật lý:,6.60,Hóa học:,4.60,Sinh học:,2.80
BKA, 11585,Toán:,6.75,Ngữ văn:,4.00,Ngoại ngữ:,2.50,Vật lý:,5.80,Hóa học:,5.40
BKA, 11586,Toán:,5.75,Ngữ văn:,4.75,Ngoại ngữ:,5.90,Địa lý:,4.50
BKA, 11588,Toán:,8.00,Ngữ văn:,3.75,Ngoại ngữ:,5.53,Vật lý:,7.20
BKA, 11589,Toán:,7.00,Ngữ văn:,5.00,Ngoại ngữ:,1.75,Vật lý:,7.00,Hóa học:,7.40
BKA, 11590,Toán:,4.75,Ngữ văn:,5.00,Ngoại ngữ:,2.10,Vật lý:,5.60
BKA, 11591,Toán:,7.00,Ngữ văn:,7.00,Ngoại ngữ:,6.33,Vật lý:,6.60,Hóa học:,6.20
BKA, 11552,Toán:,4.50,Ngữ văn:,3.75,Ngoại ngữ:,2.95,Vật lý:,4.60
BKA, 12478,Toán:,4.00,Ngữ văn:,6.50,Ngoại ngữ:,4.00,Địa lý:,5.50
BKA, 454,Toán:,6.50,Ngữ văn:,8.50,Ngoại ngữ:,6.68,Địa lý:,5.00
BKA, 471,Toán:,6.25,Ngữ văn:,6.50,Ngoại ngữ:,3.43,Vật lý:,6.20
BKA, 11557,Toán:,6.50,Ngữ văn:,5.00,Ngoại ngữ:,3.23,Hóa học:,6.00,Sinh học:,5.40
BKA, 11218,Toán:,6.25,Ngữ văn:,7.50,Ngoại ngữ:,3.95,Vật lý:,4.00
BKA, 6921,Toán:,7.25,Ngữ văn:,8.00,Ngoại ngữ:,6.23,Địa lý:,4.50
BKA, 5959,Toán:,7.75,Ngữ văn:,7.25,Ngoại ngữ:,5.45,Vật lý:,7.60
BKA, 468,Toán:,6.25,Ngữ văn:,3.25,Ngoại ngữ:,2.38,Vật lý:,5.80,Hóa học:,3.40
BKA, 469,Toán:,4.75,Ngữ văn:,7.00,Ngoại ngữ:,3.13,Địa lý:,6.00
BKA, 4340,Toán:,4.75,Ngữ văn:,5.50,Ngoại ngữ:,2.60,Địa lý:,5.50
BKA, 10601,Toán:,7.50,Ngữ văn:,3.50,Ngoại ngữ:,2.00,Hóa học:,7.40,Sinh học:,6.20
BKA, 3379,Toán:,6.50,Ngữ văn:,5.50,Ngoại ngữ:,2.85,Vật lý:,5.80
BKA, 12314,Toán:,6.50,Ngữ văn:,5.25,Ngoại ngữ:,4.35,Vật lý:,6.20,Hóa học:,5.40,Sinh học:,5.60
BKA, 5487,Toán:,2.75,Ngữ văn:,5.00,Ngoại ngữ:,3.10,Hóa học:,4.60,Sinh học:,4.40
BKA, 11475,Toán:,7.75,Ngữ văn:,4.00,Ngoại ngữ:,4.85,Vật lý:,6.60,Hóa học:,6.60
BKA, 11476,Toán:,5.25,Ngữ văn:,5.50,Ngoại ngữ:,2.38,Vật lý:,5.60,Hóa học:,6.60
BKA, 11477,Toán:,3.00,Ngữ văn:,4.25,Ngoại ngữ:,2.50,Hóa học:,2.80,Địa lý:,4.00,Sinh học:,3.20
BKA, 6002,Toán:,7.50,Ngữ văn:,8.00,Ngoại ngữ:,7.60,Địa lý:,6.00
BKA, 6654,Toán:,1.50,Ngữ văn:,6.00,Ngoại ngữ:,2.38,Vật lý:,3.60
BKA, 6655,Toán:,4.75,Ngữ văn:,5.75,Ngoại ngữ:,2.75,Địa lý:,6.50
BKA, 8138,Toán:,6.75,Ngữ văn:,7.00,Ngoại ngữ:,3.13,Địa lý:,3.00
BKA, 11515,Toán:,6.75,Ngữ văn:,6.00,Ngoại ngữ:,4.10,Địa lý:,4.50
BKA, 2855,Toán:,6.50,Ngữ văn:,5.50,Ngoại ngữ:,3.28,Vật lý:,7.20,Hóa học:,5.80
BKA, 3015,Toán:,6.75,Ngữ văn:,6.50,Ngoại ngữ:,5.05,Hóa học:,4.60
BKA, 8557,Ngữ văn:,2.50,Lịch sử:,5.00,Địa lý:,4.50
BKA, 6666,Toán:,3.00,Ngữ văn:,6.00,Ngoại ngữ:,2.80,Hóa học:,2.60,Địa lý:,3.50,Sinh học:,4.60
BKA, 3921,Toán:,4.75,Ngữ văn:,4.25,Ngoại ngữ:,2.63,Địa lý:,5.00
BKA, 2395,Toán:,6.00,Ngữ văn:,8.00,Ngoại ngữ:,5.45,Địa lý:,4.50
BKA, 9359,Toán:,6.25,Ngữ văn:,8.25,Ngoại ngữ:,9.03,Địa lý:,7.50
BKA, 9822,Toán:,5.00,Ngữ văn:,4.00,Ngoại ngữ:,3.45,Địa lý:,4.00
BKA, 11581,Toán:,5.00,Ngữ văn:,4.50,Ngoại ngữ:,2.00,Vật lý:,6.40
BKA, 8717,Toán:,4.25,Ngữ văn:,4.75,Ngoại ngữ:,1.75,Vật lý:,3.60
BKA, 10328,Toán:,6.25,Ngữ văn:,5.75,Ngoại ngữ:,5.88,Vật lý:,5.60
BKA, 9270,Toán:,6.25,Ngữ văn:,6.75,Ngoại ngữ:,3.68,Vật lý:,5.20
BKA, 5013,Toán:,6.00,Ngữ văn:,7.00,Ngoại ngữ:,5.38,Địa lý:,5.00
BKA, 5345,Toán:,6.25,Ngữ văn:,6.00,Ngoại ngữ:,6.35,Địa lý:,6.50
BKA, 9271,Toán:,6.25,Ngữ văn:,7.00,Ngoại ngữ:,3.65,Địa lý:,5.50
BKA, 11223,Toán:,3.25,Ngữ văn:,5.50,Ngoại ngữ:,2.00,Địa lý:,6.50
BKA, 5676,Toán:,2.75,Ngữ văn:,4.25,Ngoại ngữ:,2.13,Vật lý:,5.40,Hóa học:,6.60
BKA, 5679,Toán:,8.25,Vật lý:,8.40,Hóa học:,6.00
BKA, 5680,Toán:,6.00,Ngữ văn:,6.50,Ngoại ngữ:,4.45,Vật lý:,7.20
BKA, 11664,Toán:,5.00,Ngữ văn:,6.00,Ngoại ngữ:,2.63,Vật lý:,7.40
BKA, 494,Toán:,5.00,Ngữ văn:,5.00,Ngoại ngữ:,5.80,Vật lý:,5.80
BKA, 9732,Toán:,6.75,Ngữ văn:,7.75,Ngoại ngữ:,8.23,Địa lý:,6.00
BKA, 11234,Toán:,5.50,Ngữ văn:,4.50,Ngoại ngữ:,8.30,Vật lý:,5.20,Hóa học:,5.80
BKA, 4448,Ngữ văn:,3.50,Lịch sử:,5.00,Địa lý:,4.00
BKA, 9733,Toán:,3.75,Ngữ văn:,5.00,Ngoại ngữ:,2.25,Vật lý:,4.80,Hóa học:,4.00
